the,9076
to,7653
and,7164
of,6656
a,4319
her,4003
in,3737
i,3673
was,3555
it,3390
she,3312
that,2582
be,2403
had,2362
not,2327
as,2293
you,2230
he,2194
for,2122
with,1826
his,1776
but,1720
at,1584
have,1488
s,1387
all,1368
on,1285
is,1266
by,1227
so,1154
him,1152
could,1106
they,1106
very,1078
which,1058
said,1032
no,1014
been,975
would,953
were,952
my,909
from,872
their,843
them,826
mrs,821
this,820
what,782
more,729
or,707
me,700
elinor,685
one,673
an,653
any,628
there,627
than,627
do,618
when,613
such,611
if,591
your,572
marianne,566
will,563
only,556
must,555
much,546
who,522
anne,503
herself,497
every,491
did,472
well,466
little,464
time,462
now,456
should,451
know,447
own,445
mr,434
are,434
how,429
am,426
think,412
might,409
we,405
being,404
some,402
alice,398
never,392
good,391
can,388
out,373
sister,373
other,371
see,363
nothing,362
again,362
lady,361
before,355
though,344
too,342
after,342
miss,339
about,335
soon,328
first,324
has,320
great,318
then,318
without,308
two,307
say,304
captain,303
up,302
mother,300
elliot,289
most,285
t,284
into,280
thought,280
sir,276
may,275
thing,275
house,273
edward,268
ever,268
however,264
made,264
its,262
man,260
quite,260
day,256
make,255
dashwood,252
like,249
always,247
down,240
go,236
sure,233
long,231
jennings,230
over,224
last,224
come,223
wentworth,218
give,217
willoughby,216
even,215
himself,215
away,215
room,214
seemed,211
same,210
shall,210
felt,209
way,208
while,203
dear,203
moment,201
colonel,199
off,199
came,197
many,197
upon,196
enough,192
young,192
still,187
lucy,186
just,186
found,186
place,182
saw,179
indeed,179
better,179
here,175
mind,175
heard,173
oh,171
heart,171
another,167
charles,166
john,166
happy,165
once,165
family,164
replied,162
went,162
perhaps,161
yet,161
left,160
having,160
done,160
rather,159
where,157
something,157
home,157
till,156
tell,155
cried,154
father,153
poor,153
look,153
us,152
present,152
wish,152
going,151
morning,151
almost,151
few,150
feelings,150
russell,148
back,148
looked,148
believe,148
both,147
our,147
hope,144
mary,144
brandon,144
really,142
walter,141
friend,141
myself,141
half,139
woman,137
knew,137
together,136
world,136
began,133
cannot,132
those,131
nor,131
three,131
less,131
musgrove,130
ferrars,130
these,130
seen,129
between,129
acquaintance,125
next,124
hear,123
kind,123
certainly,123
love,122
head,122
therefore,122
yes,122
others,121
whole,121
least,121
life,120
party,120
side,120
take,118
eyes,118
feel,118
voice,118
hardly,117
brother,117
gave,115
get,114
leave,113
far,113
letter,112
louisa,111
under,111
evening,111
old,110
known,110
spirits,110
since,110
each,109
why,109
pleasure,108
years,108
short,108
because,107
does,107
right,107
person,106
people,106
put,105
whom,105
immediately,104
end,104
bath,103
speak,102
ought,102
middleton,102
subject,101
told,101
manner,101
town,101
against,101
visit,100
find,99
gone,99
course,98
towards,98
looking,98
happiness,98
passed,97
wife,95
possible,95
took,95
name,94
friends,94
anything,94
brought,94
got,93
suppose,93
general,92
part,92
near,92
door,91
interest,91
don,90
perfectly,90
deal,90
word,90
barton,89
elizabeth,89
given,88
glad,88
ill,88
opinion,88
affection,88
added,88
called,88
often,87
whether,87
engagement,87
hand,86
smith,86
chapter,86
else,85
comfort,85
attention,85
through,85
character,84
minutes,84
rest,84
within,83
reason,83
round,83
year,83
want,83
talk,83
cottage,83
spoke,83
account,82
longer,82
best,82
wished,82
situation,81
returned,81
conversation,80
continued,80
determined,80
obliged,80
either,80
set,79
saying,79
coming,79
idea,79
let,79
seeing,79
married,78
things,78
children,78
business,78
large,78
themselves,78
able,77
child,77
matter,77
husband,77
change,77
queen,77
palmer,77
uppercross,77
doubt,76
mean,75
regard,75
harville,75
street,75
received,74
henrietta,74
wonder,74
everything,73
neither,73
days,73
answer,73
kellynch,73
among,72
words,72
feeling,72
afterwards,71
marriage,71
already,71
whose,71
use,71
hours,71
hour,71
daughter,70
m,70
four,70
benwick,70
return,70
sort,70
tone,70
object,69
beyond,69
admiral,69
talking,68
sat,68
manners,68
country,68
behaviour,68
surprise,68
lyme,67
sisters,67
question,67
company,67
fortune,67
point,67
carriage,67
wanted,67
walked,67
particular,66
clay,66
different,66
full,66
case,66
farther,66
ready,65
asked,65
pretty,65
turned,64
night,64
talked,64
call,64
open,64
means,64
new,63
agreeable,63
table,63
appeared,63
real,63
king,63
week,63
engaged,62
yourself,62
settled,62
entirely,62
face,62
body,62
doing,62
gentleman,61
ll,61
understand,61
fine,60
stay,60
walk,60
living,60
used,59
giving,59
former,59
kept,59
care,59
turtle,59
taken,59
attachment,59
pleased,59
ladies,59
power,58
live,58
state,58
croft,58
expected,58
men,57
nature,57
kindness,57
strong,57
ask,57
silence,57
usual,57
small,57
conduct,57
alone,57
assure,57
thinking,57
likely,57
thousand,57
low,56
considered,56
hatter,56
park,56
mock,56
directly,56
keep,56
circumstances,55
particularly,55
silent,55
natural,55
past,55
high,55
sorry,55
gryphon,55
marry,55
tried,54
met,54
impossible,54
months,54
dare,54
making,54
taking,53
norland,53
taste,53
acquainted,53
sometimes,53
knowledge,53
common,53
five,53
son,53
appearance,53
air,53
sense,52
fanny,52
remember,52
consequence,52
ma,52
believed,52
re,51
worth,51
sight,51
notice,51
beginning,51
rabbit,51
greater,51
true,51
exactly,50
girl,50
opportunity,50
afraid,50
eye,50
london,50
whatever,50
anxious,50
advantage,50
instantly,50
entered,49
window,49
satisfied,49
hands,49
equally,49
help,49
satisfaction,48
happened,48
self,48
meet,48
hearing,48
speaking,47
pounds,47
certain,47
drawing,47
invitation,47
meeting,47
handsome,47
spite,47
sake,46
spent,46
read,46
bear,46
curiosity,46
late,46
early,46
fancy,45
surprised,45
repeated,45
pain,45
dinner,45
forward,45
ve,45
comfortable,45
nobody,45
behind,45
favour,44
money,44
remained,44
turn,44
proper,44
mouse,44
getting,44
arrival,44
worse,44
seem,44
equal,43
answered,43
sitting,43
none,43
necessary,43
lived,43
countenance,43
supposed,43
law,43
meant,42
itself,42
future,42
times,42
bad,42
truth,42
ten,42
confidence,42
duchess,42
serious,41
cousin,41
distress,41
lost,41
turning,41
wishes,41
probably,41
followed,41
musgroves,41
delighted,41
won,41
minute,41
sensible,40
dormouse,40
white,40
convinced,40
seems,40
respect,40
knowing,40
occasion,39
reached,39
disposed,39
appear,39
second,39
twenty,39
walking,39
understanding,38
temper,38
allow,38
exceedingly,38
mine,38
hoped,38
steele,38
otherwise,38
misery,38
view,38
d,38
consider,38
cold,38
hall,38
plan,38
degree,38
lord,38
fixed,38
waiting,38
easy,38
hayter,38
easily,38
smile,38
meaning,38
march,38
trying,37
daughters,37
robert,37
spoken,37
smallest,37
cat,37
wrong,37
produced,37
circumstance,37
expect,37
sent,37
need,37
resolution,37
style,37
society,37
effect,37
cousins,36
fond,36
greatest,36
sit,36
please,36
margaret,36
become,36
influence,36
suffered,36
finding,36
regret,36
match,36
honour,36
excellent,36
dashwoods,36
chance,36
scarcely,36
quiet,36
share,36
fact,35
sea,35
drew,35
leaving,35
fellow,35
tea,35
tears,35
danger,35
generally,35
understood,35
mentioned,35
pity,35
eager,35
imagine,35
thoughts,35
servant,34
constant,34
everybody,34
merely,34
wallis,34
staying,34
wait,34
painful,34
nearly,34
weeks,34
favourite,34
age,34
forced,34
declared,34
friendship,34
promise,33
letters,33
girls,33
bring,33
suffering,33
desire,33
enjoyment,33
difference,33
women,33
concern,33
fear,33
health,33
writing,33
breakfast,33
delight,33
trouble,33
ago,33
bed,33
altogether,33
interesting,33
event,33
observed,32
shepherd,32
instead,32
anybody,32
loved,32
garden,32
eldest,32
became,32
avoid,32
work,32
decided,32
immediate,32
allowed,32
admiration,32
suddenly,32
morrow,32
joined,31
moments,31
extremely,31
beauty,31
hare,31
terms,31
assured,31
latter,31
aware,31
melancholy,31
besides,31
arrived,31
yesterday,31
join,31
hastily,31
especially,31
looks,31
written,31
strange,31
agitation,31
beautiful,31
prevent,30
happen,30
highly,30
mistaken,30
required,30
difficulty,30
seven,30
persuaded,30
yours,30
thus,30
expectation,30
except,30
difficulties,30
delaford,30
caught,30
begin,30
weather,30
opened,30
judgment,30
hold,30
steeles,30
exertion,29
conviction,29
joy,29
pleasant,29
eagerly,29
above,29
spirit,29
along,29
proof,29
camden,29
six,29
warm,29
close,29
pray,29
earnest,29
emotion,29
creature,29
arm,29
stood,29
unfortunate,29
declare,29
music,29
indifference,29
formed,29
soul,29
several,29
tenderness,29
distance,29
affair,29
resolved,29
anxiety,29
secret,29
justice,29
pause,28
rich,28
growing,28
remain,28
eat,28
disappointment,28
attending,28
warmth,28
liked,28
companion,28
inclination,28
youth,28
income,28
dalrymple,28
journey,28
write,28
disposition,28
led,28
loss,28
hurried,28
duty,28
try,28
astonishment,28
caterpillar,28
likewise,28
ran,28
gratitude,28
evil,27
occurred,27
praise,27
capable,27
welcome,27
necessity,27
hopes,27
elegance,27
cleveland,27
dance,27
carried,27
hundred,27
twice,27
reply,27
fell,27
thank,27
opinions,27
delightful,27
connection,27
value,27
calling,27
book,27
recollection,27
begun,26
devonshire,26
exclaimed,26
forget,26
mention,26
bringing,26
relief,26
alarm,26
story,26
hair,26
unable,26
wishing,26
listened,26
beg,26
completely,26
consciousness,26
particulars,26
due,26
thirty,26
hard,26
invited,26
observation,26
important,26
finished,26
smiling,26
profession,26
direction,26
listen,26
waited,26
lately,26
play,26
unhappy,26
stairs,26
importance,26
hurry,25
pride,25
purpose,25
estate,25
struck,25
hers,25
ease,25
death,25
ashamed,25
attended,25
compassion,25
affectionate,25
parties,25
returning,25
broken,25
card,25
indifferent,25
placed,25
afford,25
dreadful,25
miles,25
promised,25
also,25
perfect,24
form,24
charlotte,24
nurse,24
amiable,24
liberty,24
seat,24
neighbourhood,24
cause,24
civil,24
extraordinary,24
sudden,24
excuse,24
suffer,24
crofts,24
entrance,24
history,24
curious,24
receive,24
note,24
introduced,24
feet,24
amusement,24
clear,24
proved,24
around,24
agreed,24
civility,24
nice,24
says,24
simple,24
changed,24
horses,24
pleasing,23
explain,23
shut,23
vanity,23
boy,23
rooms,23
disappointed,23
news,23
attempt,23
confess,23
rate,23
interrupted,23
ah,23
whenever,23
school,23
cheerful,23
knows,23
makes,23
offer,23
pardon,23
intelligence,23
property,23
increased,23
vain,23
calm,23
sooner,23
overcome,23
information,23
evident,23
composure,23
frederick,23
size,23
address,23
stopped,23
expression,22
expressed,22
eight,22
concert,22
stand,22
marrying,22
fancied,22
delay,22
angry,22
hint,22
sigh,22
solicitude,22
cheerfulness,22
clock,22
anxiously,22
during,22
spend,22
recovered,22
quitted,22
books,22
grave,22
jury,22
piece,22
period,22
fall,22
personal,22
strength,22
draw,22
dine,22
burst,22
learn,22
game,22
fit,22
court,22
tired,22
fair,22
fire,22
considerable,22
inquiry,21
superior,21
laughed,21
mutual,21
safe,21
reflection,21
o,21
depend,21
relations,21
ground,21
intimate,21
support,21
forgotten,21
escape,21
removed,21
send,21
nay,21
sweet,21
command,21
folly,21
calmness,21
moved,21
esteem,21
concerned,21
ideas,21
astonished,21
quick,21
warmly,21
charming,21
considering,21
improved,21
number,21
discourse,21
pass,21
absence,21
opposition,20
acknowledged,20
buildings,20
persuasion,20
venture,20
altered,20
choice,20
attend,20
remark,20
politeness,20
sentiments,20
earnestly,20
reach,20
bit,20
respectable,20
mistress,20
sending,20
wretched,20
removal,20
rain,20
fresh,20
proud,20
observe,20
listening,20
explanation,20
assistance,20
intimacy,20
parted,20
secure,20
offended,20
prevented,20
intended,20
picture,20
sound,20
god,20
acknowledge,20
express,20
feared,20
informed,20
remaining,20
matters,20
speech,20
village,20
elegant,20
fully,20
deep,20
contrary,20
humour,20
gained,20
claims,20
watch,19
raised,19
middletons,19
act,19
wrote,19
affliction,19
smiled,19
ay,19
description,19
confusion,19
possession,19
conscience,19
lives,19
ended,19
comparison,19
instant,19
mamma,19
illness,19
free,19
trust,19
foot,19
following,19
thoroughly,19
public,19
severe,19
private,19
relation,19
mere,19
consent,19
presence,19
bill,19
naturally,19
receiving,19
service,19
glance,19
domestic,19
putting,19
violent,19
prospect,19
rose,19
suspicion,19
held,19
propriety,19
laughing,18
utmost,18
uncle,18
motive,18
inconvenience,18
reading,18
trial,18
couple,18
admitted,18
lively,18
material,18
winter,18
soup,18
light,18
greatly,18
fortnight,18
selfish,18
engage,18
allenham,18
settle,18
spot,18
perceive,18
grown,18
enter,18
harvilles,18
treated,18
suspect,18
consolation,18
quit,18
furniture,18
follow,18
arms,18
paid,18
forgot,18
pressed,18
ceased,18
reasonable,18
mistake,18
unwilling,18
probable,18
thrown,18
assist,18
recollect,18
judge,18
heavy,18
cut,18
communication,18
gay,18
quietly,18
desirable,18
credit,18
drawn,18
judged,18
consideration,18
reproach,18
supported,18
affected,18
stop,18
guess,18
grateful,17
leisure,17
forth,17
visited,17
summer,17
imagined,17
remembrance,17
actually,17
comes,17
comprehend,17
setting,17
engagements,17
objection,17
lay,17
attentions,17
distant,17
maid,17
enjoy,17
learnt,17
established,17
readily,17
alteration,17
admire,17
advice,17
restored,17
chair,17
berkeley,17
baby,17
morton,17
telling,17
sleep,17
increase,17
employment,17
creatures,17
pay,17
complete,17
merit,17
related,17
grow,16
odd,16
uncertain,16
fortitude,16
month,16
tomorrow,16
education,16
suspense,16
sufficient,16
unnecessary,16
sick,16
accept,16
spring,16
twelve,16
persuade,16
impatient,16
uncomfortable,16
paper,16
lucky,16
heads,16
borne,16
dress,16
aye,16
footman,16
gentlemen,16
fifty,16
hill,16
sentence,16
exeter,16
doesn,16
observing,16
continual,16
marked,16
explained,16
language,16
grief,16
order,16
harley,16
sorrow,16
succeeded,16
deserved,16
claim,16
probability,16
tender,16
ventured,16
possibility,16
died,16
eagerness,16
wanting,16
combe,16
board,16
shook,16
concluded,16
running,16
witness,16
sincere,16
smart,16
post,16
inn,16
hearted,16
employed,16
truly,16
watched,16
nearer,16
conscious,16
dared,16
mad,16
spared,15
imprudence,15
attempted,15
wondering,15
asking,15
puzzled,15
improvement,15
presently,15
indulgence,15
mouth,15
offence,15
passing,15
properly,15
apology,15
views,15
divided,15
result,15
noise,15
prepared,15
orders,15
useful,15
figure,15
watching,15
dignity,15
impression,15
gentle,15
william,15
admit,15
shewn,15
grounds,15
move,15
imagination,15
deeply,15
somebody,15
humoured,15
perceived,15
miserable,15
wondered,15
attached,15
absolutely,15
possibly,15
proceed,15
across,15
servants,15
box,15
cards,15
encouragement,15
affections,15
dull,15
safely,15
expense,15
ignorance,15
dislike,15
occupied,15
agony,15
song,15
natured,15
spare,15
unpleasant,15
habit,15
agree,15
run,15
whisper,15
england,15
laugh,15
arranged,15
line,15
interested,15
encouraging,15
convince,15
seriously,15
frequently,15
offered,15
highest,14
cook,14
dropped,14
beau,14
remembered,14
length,14
dinah,14
mama,14
enquiries,14
widow,14
fallen,14
visitors,14
totally,14
undoubtedly,14
report,14
rank,14
thinks,14
suit,14
entering,14
standing,14
nervous,14
rendered,14
united,14
hills,14
fast,14
later,14
courage,14
water,14
tree,14
active,14
glass,14
catching,14
frightened,14
distinguished,14
cobb,14
catch,14
heir,14
sides,14
ear,14
parting,14
notion,14
laid,14
colour,14
cruel,14
quarter,14
friendly,14
hurt,14
fears,14
peace,14
third,14
trees,14
forgiven,14
assurance,14
parlour,14
dancing,14
hearts,14
sunk,14
delicacy,14
single,14
heaven,14
objects,14
excessively,14
gloves,14
blessing,14
recovery,14
goes,14
didn,14
middle,14
lodgings,14
described,14
navy,14
chose,14
sounds,14
heartily,14
features,14
hints,14
accident,14
scheme,14
proceeded,14
abroad,14
closed,14
merits,14
dining,14
previously,14
partiality,14
supposing,14
cats,14
collected,14
leaning,14
clever,14
slight,14
sensibility,14
evidently,14
subjects,14
supply,14
design,14
dead,14
bright,14
recommended,14
instance,13
wouldn,13
grey,13
success,13
variety,13
approbation,13
occur,13
steady,13
bless,13
add,13
interval,13
inclined,13
fix,13
amazement,13
younger,13
arose,13
pretend,13
plymouth,13
concerns,13
belonging,13
resemblance,13
differently,13
stronger,13
parsonage,13
caution,13
dodo,13
submit,13
excited,13
sought,13
separation,13
fetch,13
raise,13
produce,13
queer,13
passage,13
attentive,13
pocket,13
dark,13
drive,13
tolerable,13
hopeless,13
companions,13
charm,13
nine,13
depended,13
roused,13
tenant,13
indignation,13
bestow,13
intention,13
compliments,13
noticed,13
believing,13
corner,13
effects,13
inferior,13
repeat,13
independence,13
busy,13
complexion,13
lying,13
condition,13
authority,13
started,13
procured,12
filled,12
earlier,12
intercourse,12
existence,12
shame,12
show,12
begged,12
horse,12
lose,12
principal,12
shewed,12
grew,12
green,12
confined,12
opening,12
lessons,12
forgive,12
houses,12
presented,12
unjust,12
peculiar,12
struggle,12
contempt,12
remarks,12
difficult,12
distressed,12
ring,12
conclusion,12
satisfy,12
chaise,12
direct,12
addition,12
takes,12
dry,12
deceived,12
height,12
cordiality,12
sad,12
inquiries,12
points,12
suspected,12
sighed,12
acting,12
secured,12
names,12
sincerity,12
goodness,12
principle,12
dangerous,12
autumn,12
request,12
happiest,12
willing,12
frequent,12
dreadfully,12
censure,12
neck,12
seated,12
mark,12
injured,12
felicity,12
residence,12
delicate,12
shew,12
continuing,12
expecting,12
rational,12
stupid,12
church,12
questions,12
wholly,12
fail,12
force,12
carteret,12
wild,12
somersetshire,12
finish,12
majesty,12
moreover,12
dr,12
fate,12
sensations,12
shocked,12
valued,12
pursuits,12
submitted,12
regular,12
wind,12
performance,12
superiority,12
selfishness,12
deny,12
patience,12
striking,12
jealous,12
justify,12
cheeks,12
prove,12
affairs,12
startled,12
nonsense,12
wood,12
softened,12
happier,12
belief,12
solitude,12
abilities,12
alike,12
pigeon,12
resist,12
connected,11
positive,11
valley,11
lips,11
escaped,11
circle,11
soldiers,11
plainly,11
strangers,11
distrust,11
continually,11
buy,11
plain,11
office,11
ruin,11
involved,11
induced,11
sincerely,11
shop,11
lovely,11
wasn,11
gain,11
lock,11
excepting,11
chief,11
sum,11
embarrassment,11
suited,11
careful,11
baronet,11
animated,11
resentment,11
dependence,11
mile,11
urged,11
dread,11
desirous,11
events,11
pool,11
today,11
nerves,11
magna,11
notions,11
persons,11
deserve,11
wherever,11
boys,11
sharp,11
horror,11
valuable,11
arrangement,11
amongst,11
encouraged,11
assurances,11
reasonably,11
ceremony,11
red,11
actions,11
bow,11
hereafter,11
charge,11
whispered,11
leaves,11
secrecy,11
slowly,11
declined,11
concealed,11
similar,11
wise,11
finally,11
blame,11
monstrous,11
reflect,11
c,11
drove,11
decidedly,11
road,11
further,11
excite,11
reserve,11
rising,11
shirley,11
owed,11
proposed,11
hanging,11
openly,11
shocking,11
infinitely,11
calmly,11
accounts,11
twelvemonth,11
born,11
precious,11
loud,11
refused,11
pig,11
prudent,11
carry,11
uneasiness,11
visits,11
assisted,11
unlike,11
recovering,11
seeking,11
larger,11
asleep,11
recollected,11
carrying,11
rejoiced,11
roof,11
birth,11
nineteen,11
message,11
recommend,11
forty,11
winthrop,11
tis,11
politely,11
families,11
endeavouring,11
ladyship,11
doctor,11
theirs,11
decision,11
unfortunately,11
risk,11
measure,11
behaved,11
lessen,11
gratification,10
absurd,10
travelled,10
knave,10
convenience,10
sentiment,10
rise,10
luck,10
aloud,10
rights,10
gradually,10
touch,10
hot,10
doors,10
succeeding,10
bent,10
failed,10
enquiry,10
scruple,10
top,10
determine,10
visitor,10
hitherto,10
scenes,10
human,10
admired,10
harm,10
readiness,10
blow,10
accommodation,10
dined,10
assertion,10
lines,10
avoided,10
wants,10
earth,10
happily,10
constancy,10
somewhere,10
master,10
exquisite,10
madam,10
palmers,10
bowed,10
ears,10
oxford,10
harris,10
missed,10
apparently,10
formerly,10
lover,10
distinguish,10
moral,10
exert,10
neighbours,10
steps,10
favourable,10
birds,10
angrily,10
dearest,10
doubtful,10
habits,10
expenses,10
bred,10
connexion,10
beloved,10
quitting,10
anywhere,10
moving,10
recommendation,10
spread,10
cares,10
preceding,10
improve,10
ourselves,10
gentleness,10
pair,10
provided,10
mansion,10
happens,10
appearing,10
attempting,10
november,10
bottle,10
surely,10
compliment,10
scene,10
luckily,10
careless,10
communicated,10
indisposition,10
unless,10
checked,10
paused,10
insensible,10
youngest,10
fan,10
tolerably,10
strongly,10
bound,10
advise,10
removing,10
bloom,10
total,10
daily,10
drink,10
preparing,10
kindly,10
sufferings,10
triumph,10
idle,10
regarded,10
consequently,10
advanced,10
doubted,10
sex,10
lasted,10
liberality,10
wound,10
endeavoured,10
reward,10
memory,10
accepted,10
offering,10
conceal,10
pointing,10
remarked,10
fashion,10
declining,9
charms,9
introduction,9
earnestness,9
throwing,9
discovery,9
becoming,9
pratt,9
openness,9
intentions,9
faces,9
shoes,9
gravely,9
repeating,9
chiefly,9
recollecting,9
communicate,9
leading,9
smiles,9
ways,9
press,9
suggest,9
invariably,9
guilt,9
reserved,9
establishment,9
unfeeling,9
preparation,9
animation,9
reception,9
arrangements,9
christmas,9
cruelty,9
serpent,9
faint,9
fifteen,9
alas,9
tail,9
throw,9
decide,9
hate,9
aunt,9
honest,9
prudence,9
confused,9
accepting,9
bottom,9
wit,9
crowd,9
curate,9
endeavour,9
principles,9
afforded,9
croquet,9
longed,9
remove,9
discretion,9
conveyed,9
season,9
proposal,9
appointment,9
approach,9
worst,9
sky,9
composed,9
inevitable,9
quickly,9
honourable,9
continuance,9
offices,9
momentary,9
anger,9
elsewhere,9
argument,9
witnessed,9
beaux,9
approve,9
deficient,9
oppressed,9
signify,9
curacy,9
certainty,9
decent,9
vexed,9
effort,9
broke,9
apparent,9
nose,9
ordered,9
patient,9
occasionally,9
grieving,9
materially,9
engaging,9
couldn,9
faith,9
sensation,9
hoping,9
benefit,9
fault,9
indies,9
experience,9
cleared,9
powers,9
lower,9
taught,9
remarkably,9
shortly,9
respects,9
key,9
lead,9
entreaties,9
english,9
butter,9
introduce,9
war,9
accordingly,9
instrument,9
neglect,9
reflections,9
attach,9
independent,9
flattered,9
restless,9
fish,9
shock,9
alive,9
improvements,9
regrets,9
guessed,9
walks,9
foolish,9
sussex,9
shouted,9
inviting,9
weight,9
fearful,9
manage,9
turns,9
cool,9
rapid,9
amused,9
shore,9
timidly,9
various,9
shan,9
doubts,8
parts,8
harry,8
duties,8
farm,8
impatiently,8
strongest,8
space,8
cheshire,8
pen,8
essential,8
rid,8
eliza,8
bore,8
applied,8
regretting,8
hung,8
opposite,8
motives,8
addressed,8
hadn,8
saved,8
station,8
eligible,8
extent,8
seeming,8
jumped,8
driven,8
improving,8
bestowed,8
learned,8
intervals,8
action,8
tongue,8
partial,8
puppy,8
pepper,8
pains,8
relieved,8
grace,8
amendment,8
fatigue,8
unhappiness,8
sing,8
entreaty,8
promote,8
evidence,8
shy,8
laconia,8
treat,8
lasting,8
relationship,8
gate,8
thanked,8
passion,8
designs,8
parent,8
fright,8
objections,8
longstaple,8
source,8
forming,8
playing,8
thirteen,8
sweetness,8
polite,8
practice,8
seventeen,8
obliging,8
impatience,8
seldom,8
dressing,8
streets,8
maintained,8
unwell,8
judgement,8
syllable,8
cost,8
injury,8
carefully,8
front,8
accidentally,8
wine,8
bread,8
fitted,8
weak,8
attractions,8
unaccountable,8
ignorant,8
prevailed,8
played,8
employ,8
bye,8
fancying,8
announced,8
cease,8
severely,8
offend,8
gardeners,8
promising,8
farewell,8
gaiety,8
liking,8
separate,8
tall,8
recover,8
save,8
increasing,8
dream,8
hedge,8
officers,8
situations,8
impertinent,8
directed,8
chimney,8
justified,8
mushroom,8
driving,8
higher,8
advisable,8
calculated,8
guided,8
settling,8
convey,8
attraction,8
build,8
degrees,8
oppose,8
sympathy,8
fool,8
tempt,8
intimately,8
injustice,8
reasons,8
civilities,8
paying,8
measures,8
tuesday,8
unworthy,8
breaking,8
county,8
satisfactory,8
comforts,8
unkind,8
curricle,8
cure,8
nursing,8
advantages,8
land,8
slates,8
marlborough,8
glow,8
discovered,8
monkford,8
thankful,8
pained,8
remembering,8
coloured,8
walls,8
haven,8
sadly,8
weakness,8
twinkle,8
whiting,8
application,8
cross,8
february,8
renewed,8
honours,8
excess,8
plenty,8
sofa,8
ridiculous,8
trusted,8
wonderful,8
alarmed,8
suspecting,8
generosity,8
liberal,8
attempts,8
wealth,8
arise,8
narrow,8
speedily,8
earliest,8
remarkable,8
addressing,8
commendation,8
demands,8
tells,8
precisely,8
supplied,8
straight,8
piano,8
apprehensions,7
sanguine,7
stopt,7
belonged,7
nearest,7
senses,7
livery,7
implied,7
exposed,7
firmness,7
mortification,7
somehow,7
flower,7
wretchedness,7
wet,7
disgrace,7
chin,7
amends,7
contradicted,7
pictures,7
thorough,7
misfortune,7
complaisance,7
oop,7
tranquillity,7
stuff,7
inconstancy,7
expectations,7
fortunately,7
newspaper,7
forte,7
crying,7
dorsetshire,7
exercise,7
likes,7
accommodations,7
thanks,7
denied,7
exact,7
wandering,7
fashioned,7
adventures,7
security,7
regretted,7
sounded,7
shyness,7
unknown,7
screamed,7
lobsters,7
falling,7
zeal,7
strict,7
busily,7
inconvenient,7
rapidity,7
procure,7
suppressed,7
needed,7
officer,7
betraying,7
violently,7
coldness,7
threw,7
sorrows,7
honoured,7
principally,7
throat,7
relative,7
gratifying,7
destroyed,7
williams,7
talks,7
brief,7
distinction,7
disappeared,7
poverty,7
departure,7
influenced,7
lory,7
prospects,7
volume,7
expressions,7
prosperity,7
conjecture,7
suggested,7
occasional,7
connexions,7
learning,7
reverse,7
golden,7
reconciliation,7
e,7
moderate,7
breeding,7
worldly,7
spirited,7
conduit,7
observations,7
treacle,7
west,7
sell,7
merry,7
describe,7
occasioned,7
michaelmas,7
lane,7
aside,7
inquired,7
examine,7
sobs,7
unwelcome,7
usually,7
bid,7
discussion,7
perceiving,7
owe,7
thoughtful,7
joke,7
connections,7
crowded,7
choose,7
announce,7
uncommonly,7
schemes,7
pale,7
additional,7
solemnly,7
pronounced,7
hesitation,7
isn,7
grand,7
professions,7
exertions,7
uneasy,7
gently,7
repeatedly,7
adopt,7
comparatively,7
rooke,7
vast,7
forgiveness,7
places,7
dwelling,7
list,7
exchange,7
droll,7
unfit,7
preferred,7
shewing,7
westgate,7
interference,7
sailors,7
disposal,7
complain,7
picturesque,7
voluntarily,7
travelling,7
raptures,7
fever,7
mentioning,7
evils,7
hastened,7
snug,7
extreme,7
floor,7
complaint,7
tarts,7
absent,7
preference,7
loves,7
chuse,7
generous,7
nancy,7
laura,7
thomas,7
voices,7
breath,7
desired,7
shoulder,7
esq,7
soo,7
blessed,7
mourning,7
guests,7
changes,7
employments,7
grieved,7
endure,7
rejoice,7
slightest,7
january,7
sink,7
older,7
seek,7
hedgehog,7
allowance,7
fixing,7
east,7
blushed,7
cases,7
solitary,7
neighbour,7
advance,7
conceive,7
declaration,7
lobster,7
performed,7
irresistible,7
consented,7
attendance,7
enjoyed,7
founded,7
judging,7
james,7
grant,7
flattery,7
convenient,7
confinement,7
pleasantly,7
lessened,7
compare,7
cautious,6
speedy,6
slightly,6
spending,6
approached,6
papa,6
affluence,6
abode,6
whither,6
embarrassed,6
engrossed,6
situated,6
progress,6
sailor,6
ascertain,6
commanded,6
unpardonable,6
fervent,6
dying,6
safety,6
sharing,6
graceful,6
persuading,6
previous,6
stepping,6
ship,6
sang,6
shooting,6
examination,6
using,6
yard,6
sneezing,6
sprung,6
commission,6
parish,6
disinterested,6
forgetting,6
chanced,6
modest,6
characters,6
adding,6
hysterical,6
unaffected,6
chamber,6
gladly,6
rude,6
bond,6
disturb,6
prompted,6
wow,6
numerous,6
afternoon,6
awful,6
dissatisfied,6
checking,6
protection,6
compared,6
enquire,6
affectionately,6
tale,6
breathe,6
guinea,6
devoted,6
imprudent,6
reverie,6
display,6
ardour,6
punishment,6
unexpected,6
method,6
race,6
enabled,6
pigs,6
plate,6
consulted,6
slighted,6
concealing,6
coach,6
entreated,6
holidays,6
whitwell,6
suspicions,6
perplexity,6
grass,6
comfortably,6
forms,6
kitchen,6
expensive,6
liable,6
bartlett,6
inches,6
impulse,6
naval,6
thursday,6
provoke,6
keeping,6
excused,6
flattering,6
french,6
respectability,6
article,6
trembling,6
meetings,6
distressing,6
possessed,6
divide,6
eighteen,6
chat,6
attaching,6
impossibility,6
dreaded,6
inevitably,6
lizard,6
blind,6
september,6
unkindness,6
cunning,6
clothes,6
disturbed,6
asp,6
pitied,6
gray,6
deceive,6
managed,6
capital,6
richard,6
suitable,6
calmer,6
confession,6
relate,6
rapidly,6
hasty,6
thoughtfully,6
pointed,6
alacrity,6
acted,6
forbearance,6
singing,6
thither,6
plans,6
elevated,6
thoughtfulness,6
compassionate,6
quicker,6
dick,6
alarming,6
deserving,6
tendency,6
extended,6
dearer,6
violence,6
despair,6
stretched,6
glowing,6
elliots,6
frank,6
deserted,6
unimportant,6
contented,6
temptation,6
fairly,6
chorus,6
staid,6
flatter,6
foresee,6
pursued,6
downs,6
correspondence,6
lesser,6
included,6
raillery,6
musical,6
carriages,6
kindest,6
vexation,6
works,6
worn,6
dogs,6
urge,6
unceasing,6
ruined,6
symptom,6
lessening,6
fortunate,6
gallantry,6
lie,6
exultation,6
privilege,6
invitations,6
resolute,6
lot,6
dependent,6
indignantly,6
guilty,6
mirth,6
attribute,6
directions,6
delivered,6
talents,6
trifle,6
folded,6
treating,6
noisy,6
confirm,6
rule,6
exist,6
limbs,6
constantly,6
absolute,6
black,6
finger,6
lest,6
sophy,6
sun,6
convincing,6
ancient,6
brown,6
released,6
impressions,6
betrayed,6
alluded,6
freckles,6
services,6
outward,6
reduced,6
shoulders,6
pressing,6
grandeur,6
excessive,6
sacrifice,6
somewhat,6
amuse,6
boots,6
trifling,6
hardened,6
prevail,6
blood,6
insult,6
nursery,6
disgust,6
languid,6
beat,6
apartment,6
admiring,6
basket,6
husbands,6
advised,6
north,6
modern,6
unfairly,6
drop,6
finest,6
silly,6
integrity,6
taunton,6
disagreeable,6
executioner,6
occupation,6
rent,6
troublesome,6
la,6
pianoforte,6
visiting,6
persisted,6
jealousy,6
counsel,6
grin,6
exclamation,6
hysterics,6
humble,6
awkward,6
maids,6
worthy,6
collect,6
union,6
noble,6
raising,6
executed,6
justly,6
urgent,6
handed,6
owner,6
windows,6
strike,6
surgeon,6
arguments,5
concluding,5
art,5
poetry,5
surrounded,5
romantic,5
slow,5
thick,5
jumping,5
hence,5
joint,5
intelligent,5
henry,5
motion,5
cared,5
disappointments,5
vacant,5
affect,5
holding,5
formal,5
reproof,5
welfare,5
conjectured,5
donavan,5
deference,5
deficiency,5
tenants,5
beauties,5
inquire,5
mischief,5
wandered,5
impropriety,5
firmly,5
imputed,5
covered,5
preserve,5
distresses,5
lodging,5
tricks,5
puzzling,5
belong,5
portion,5
resolve,5
dinners,5
surrounding,5
preserved,5
testimony,5
subdued,5
parents,5
overcame,5
cast,5
accompany,5
ecstasy,5
clergyman,5
flamingo,5
expedient,5
lesson,5
rejoicing,5
painting,5
governed,5
tempted,5
ordinary,5
interview,5
steadiness,5
desperate,5
arrive,5
inattention,5
prevailing,5
dog,5
whence,5
powerful,5
below,5
verse,5
perceptible,5
enquired,5
recent,5
spreading,5
knee,5
dissuade,5
example,5
genius,5
adjoining,5
crossed,5
christian,5
approved,5
smaller,5
suspicious,5
study,5
outside,5
begins,5
milsom,5
building,5
soothing,5
personally,5
usefulness,5
energy,5
footing,5
shrill,5
opposed,5
solid,5
rained,5
laying,5
reconciled,5
concealment,5
estimate,5
mouths,5
occasions,5
purchase,5
genteel,5
soothe,5
hole,5
breach,5
ride,5
upset,5
beneath,5
shouldn,5
path,5
tied,5
sees,5
requested,5
denial,5
contrived,5
stirring,5
richer,5
securing,5
hearty,5
gardens,5
trembled,5
warrant,5
dictate,5
enable,5
polished,5
prepare,5
absurdity,5
check,5
yourselves,5
conquest,5
repetition,5
italian,5
deeper,5
defer,5
invite,5
sleepy,5
neat,5
repose,5
indulged,5
confident,5
eggs,5
sons,5
relating,5
alter,5
follows,5
ridicule,5
propose,5
firm,5
resident,5
fly,5
arriving,5
gratified,5
staring,5
dispose,5
monday,5
depends,5
conducted,5
observant,5
trace,5
conference,5
break,5
comprehension,5
blush,5
scrupulous,5
delayed,5
papers,5
entreat,5
acceptable,5
terror,5
shriek,5
acceptance,5
built,5
centre,5
gracious,5
harp,5
insisted,5
uttered,5
answers,5
actual,5
reference,5
purposely,5
guard,5
shake,5
solicitous,5
conversing,5
heavens,5
defence,5
heightened,5
wildly,5
correct,5
agitated,5
necessarily,5
sacrificed,5
verses,5
gravity,5
treatment,5
proportion,5
square,5
simply,5
kid,5
faults,5
hesitated,5
ugly,5
obligation,5
defend,5
acquired,5
hunting,5
stranger,5
rouse,5
incapable,5
encourage,5
pleasanter,5
praised,5
oftener,5
expressing,5
insolence,5
simplicity,5
excellence,5
ascertained,5
indignant,5
declaring,5
varying,5
silently,5
artificial,5
hayters,5
cry,5
bewitching,5
respected,5
error,5
newspapers,5
slipped,5
estimation,5
knock,5
astonishing,5
temple,5
dawlish,5
apothecary,5
modesty,5
scolded,5
sickness,5
amount,5
wore,5
sold,5
requires,5
happening,5
examining,5
hookah,5
pausing,5
complacency,5
waving,5
woods,5
eloquence,5
continue,5
prizes,5
1,5
housekeeper,5
penetration,5
until,5
appeal,5
pack,5
falsehood,5
toothpick,5
vanished,5
stir,5
misapprehension,5
swam,5
impertinence,5
hat,5
torture,5
procuring,5
elder,5
lodge,5
step,5
gift,5
household,5
misconduct,5
swim,5
ate,5
fingers,5
inform,5
jenning,5
behave,5
submission,5
shade,5
vastly,5
blessings,5
attachments,5
perfection,5
helpless,5
served,5
hospitable,5
thin,5
fearing,5
complaints,5
dropt,5
working,5
contents,5
perpetual,5
china,5
extravagant,5
lowering,5
mental,5
discover,5
consult,5
acknowledging,5
release,5
haste,5
mildness,5
gratefully,5
aid,5
pleasures,5
procession,5
examined,5
outlived,5
defect,5
affecting,5
pieces,5
enthusiasm,5
respecting,5
contained,5
sickly,5
fashionable,5
flow,5
forlorn,5
congratulate,5
dismissed,5
although,5
pitiable,5
incumbent,5
stage,5
bank,5
accommodate,5
maintaining,5
require,5
reality,5
alliance,5
reminded,5
extensive,5
sighing,5
row,5
solemn,5
strengthened,5
converse,5
experienced,5
unwillingness,5
indisposed,5
complained,5
fourteen,5
midst,5
imaginary,5
awkwardness,5
frightful,5
assembled,5
compliance,5
speed,5
travel,4
solemnity,4
detain,4
nights,4
worked,4
careys,4
arches,4
ye,4
invariable,4
familiarity,4
accustomary,4
elliott,4
alloy,4
suspended,4
repair,4
proofs,4
claimed,4
species,4
crime,4
assent,4
retired,4
interchange,4
despatch,4
separated,4
losing,4
field,4
admires,4
involve,4
debt,4
exerted,4
giddy,4
vulgar,4
drinking,4
porpoise,4
showing,4
oppression,4
creditable,4
em,4
marriages,4
mix,4
knife,4
drawings,4
unconscious,4
fat,4
speaks,4
idleness,4
novelty,4
yearly,4
unlikely,4
hurrying,4
shape,4
envy,4
dears,4
benefited,4
annuities,4
horrible,4
boast,4
grunted,4
attract,4
contentment,4
inferiority,4
whoever,4
beautifully,4
entitled,4
honestly,4
enquiring,4
daring,4
rousing,4
charity,4
afflicted,4
wisest,4
supposition,4
excursion,4
hush,4
phoo,4
stick,4
quadrille,4
timed,4
slate,4
guidance,4
fourth,4
st,4
economy,4
abhorrence,4
scott,4
genuine,4
eloquent,4
ambition,4
pursuit,4
handsomer,4
skin,4
eyed,4
protested,4
recently,4
mixed,4
tranquil,4
gossip,4
vague,4
promises,4
needless,4
shaped,4
mice,4
prodigious,4
probabilities,4
cautiously,4
pretence,4
graciousness,4
savage,4
annuity,4
enjoying,4
succession,4
indispensable,4
wept,4
precedence,4
shaking,4
tasted,4
contemptuous,4
studied,4
twisted,4
subdue,4
dalrymples,4
elbow,4
dish,4
resembled,4
artful,4
ours,4
library,4
recollections,4
permitted,4
insipidity,4
f,4
existed,4
5,4
utility,4
riches,4
confirmation,4
quarrelling,4
stroll,4
pointer,4
quarrel,4
reaching,4
banished,4
determination,4
group,4
disapprobation,4
scruples,4
mystery,4
gentlemanlike,4
minutiae,4
aggravation,4
attack,4
spoilt,4
secondly,4
bias,4
preferring,4
stockings,4
amiss,4
offspring,4
provocation,4
ann,4
represent,4
minds,4
created,4
wives,4
amusing,4
avail,4
tenderly,4
profess,4
washing,4
triumphantly,4
crumbs,4
knocked,4
female,4
waste,4
considerate,4
contend,4
lament,4
screen,4
attributed,4
handkerchief,4
originated,4
fettered,4
sport,4
serve,4
pin,4
ensured,4
nodded,4
placing,4
coat,4
hardship,4
viscountess,4
tones,4
verdict,4
gout,4
promoting,4
yer,4
contrast,4
resolving,4
hospitality,4
ere,4
unluckily,4
gloomy,4
dwelt,4
nut,4
ceaseless,4
duck,4
jurors,4
rival,4
agitations,4
charmed,4
dirty,4
awakened,4
execution,4
anticipated,4
rapturous,4
print,4
twinkling,4
intelligible,4
explanations,4
seats,4
hamilton,4
foreseen,4
stolen,4
candid,4
deception,4
brothers,4
dwell,4
conclude,4
shrink,4
accomplished,4
ball,4
atonement,4
decorum,4
shared,4
pretensions,4
knees,4
invalid,4
avoiding,4
listener,4
unwillingly,4
upright,4
clearly,4
jokes,4
refuse,4
interrupting,4
soft,4
announcing,4
prejudice,4
double,4
provoking,4
sakes,4
yards,4
thence,4
professed,4
boat,4
indulge,4
minded,4
pure,4
zealous,4
players,4
waistcoat,4
unreserve,4
conjectures,4
supper,4
begging,4
ending,4
foundation,4
brightened,4
rap,4
series,4
scissors,4
contradict,4
lovers,4
tempered,4
brings,4
pulse,4
shrinking,4
entire,4
lingering,4
limits,4
date,4
revived,4
rubber,4
frost,4
unlucky,4
dowager,4
tiny,4
welcomed,4
gravel,4
hollow,4
bold,4
w,4
gun,4
utter,4
dignified,4
misled,4
noises,4
disregarded,4
uniting,4
sixteen,4
appearances,4
bearing,4
cap,4
smooth,4
edge,4
comprehended,4
displeased,4
horrid,4
jemima,4
sinking,4
legs,4
entertained,4
containing,4
provision,4
friendliness,4
anew,4
wiser,4
approaching,4
universally,4
humility,4
fill,4
succeed,4
folding,4
proceeding,4
dressed,4
formality,4
deprived,4
sorrowful,4
terrible,4
sore,4
sits,4
cheerfully,4
class,4
frowning,4
steep,4
expressive,4
changing,4
rupture,4
extravagance,4
fellows,4
ungracious,4
false,4
contemptuously,4
meditation,4
deemed,4
rated,4
freedom,4
peculiarly,4
fondly,4
restraints,4
thimble,4
inconveniences,4
screens,4
practicable,4
appointed,4
rivers,4
infirm,4
vindication,4
applications,4
intending,4
consequences,4
sophia,4
guest,4
sands,4
bats,4
furnished,4
kissed,4
disadvantage,4
fastidious,4
uncommon,4
overpowered,4
notes,4
colouring,4
overpowering,4
soften,4
waiter,4
paws,4
amidst,4
exceeding,4
withdrew,4
apologies,4
asunder,4
frankness,4
consistent,4
weary,4
pursuing,4
diverted,4
accomplishments,4
allowances,4
remains,4
jurymen,4
acknowledgment,4
bell,4
concerning,4
prefer,4
torn,4
weaken,4
tete,4
limited,4
acquit,4
footsteps,4
deceitful,4
bustle,4
ootiful,4
topic,4
gaining,4
finishing,4
manly,4
abuse,4
resolutely,4
holds,4
representation,4
crown,4
ones,4
attitude,4
quarters,4
nephew,4
faded,4
paragraph,4
fury,4
apprehension,4
attentively,4
faster,4
winding,4
sharply,4
mabel,4
sly,4
named,4
acquiescence,4
sporting,4
tumbling,4
esteemed,4
positively,4
confirmed,4
cheered,4
knocking,4
narration,4
occupying,4
pavement,4
devil,4
reconcile,4
apartments,4
mortifying,4
honesty,4
confessed,4
addresses,4
animals,4
possess,4
robbed,4
forcing,4
scattered,4
lap,4
betty,4
rules,4
wear,4
applying,4
opportunities,4
neglected,4
shot,4
satisfying,4
origin,4
pardoned,4
perseverance,4
watchfulness,4
overlook,4
wearing,4
relied,4
cowper,4
offending,4
fulfilled,4
balls,4
hunters,4
obtain,4
relieve,4
dividing,4
restrictions,4
prize,4
laughter,4
choked,4
wretchedly,4
cake,4
calculations,4
digging,4
pace,4
baldwin,4
payment,4
raises,4
sportsmen,4
agreement,4
eating,4
acquisition,4
exclamations,4
chosen,4
instances,4
unanimous,4
shrubberies,4
showed,4
symptoms,4
adopted,4
rough,4
south,4
spoil,3
insipid,3
likelihood,3
ingratitude,3
involving,3
painted,3
noticing,3
productive,3
variations,3
bone,3
operation,3
doctrine,3
decay,3
deliverance,3
prepossession,3
sentences,3
admitting,3
providence,3
jar,3
bench,3
dejection,3
brightness,3
rejected,3
quest,3
harmony,3
worried,3
render,3
endowed,3
analogy,3
15,3
pronouncing,3
carelessness,3
meat,3
inducement,3
worthless,3
furnish,3
unusual,3
october,3
critical,3
instruction,3
apologize,3
provoked,3
hit,3
apt,3
tossing,3
magnificent,3
robbing,3
morality,3
sorts,3
seating,3
presumed,3
bodily,3
tastes,3
meanness,3
fetching,3
burn,3
caucus,3
demand,3
prettier,3
tidings,3
tame,3
consequent,3
interfering,3
lobby,3
wrought,3
appears,3
eaglet,3
hungry,3
mustard,3
healthy,3
variation,3
declares,3
unthought,3
enjoyments,3
everywhere,3
loudly,3
flannel,3
indulgent,3
hinted,3
debating,3
abruptly,3
originally,3
imperfect,3
tenderest,3
teacup,3
screams,3
blows,3
wounded,3
legal,3
collecting,3
toes,3
ardent,3
gibraltar,3
shropshire,3
directing,3
breathed,3
pleaded,3
lawyer,3
insufficient,3
landscape,3
rushed,3
page,3
bedroom,3
stationed,3
shelves,3
timid,3
sulky,3
conversed,3
chusing,3
portsmouth,3
inhabit,3
guineas,3
sources,3
silenced,3
obeyed,3
arch,3
affront,3
environs,3
forwards,3
resting,3
gowland,3
replying,3
compact,3
humanity,3
sacrifices,3
loving,3
beds,3
maintenance,3
clouds,3
16,3
subsisted,3
irremediable,3
shorter,3
serpents,3
erred,3
westons,3
derived,3
cutting,3
producing,3
retrench,3
amply,3
stone,3
obtained,3
unprincipled,3
allowing,3
noon,3
pie,3
wounding,3
overlooked,3
flew,3
wide,3
disordered,3
rumour,3
breeze,3
smallness,3
departed,3
alternately,3
kiss,3
improper,3
collar,3
animate,3
songs,3
granted,3
condolence,3
shrubbery,3
doubting,3
troubles,3
panting,3
strikingly,3
promotion,3
commonest,3
sufficiently,3
internally,3
receipt,3
guide,3
contemplation,3
cultivated,3
awake,3
enforced,3
wedding,3
dreading,3
upper,3
courteous,3
handsomest,3
allowable,3
prescribed,3
unguarded,3
constitution,3
sunday,3
assiduous,3
bat,3
foresight,3
butcher,3
widower,3
range,3
accomplishment,3
avarice,3
writer,3
denying,3
damp,3
horseback,3
yield,3
trivial,3
robinson,3
advancing,3
unnatural,3
according,3
shelter,3
authorised,3
indecision,3
wicked,3
stanhill,3
interruption,3
confusing,3
task,3
desperately,3
depending,3
foretold,3
ii,3
frame,3
pang,3
stile,3
pattering,3
moderation,3
sportsman,3
nobility,3
intrusion,3
heightening,3
injuries,3
content,3
elderly,3
jealousies,3
practices,3
cupboards,3
incomprehensible,3
timber,3
irresolute,3
apologising,3
messages,3
model,3
wonders,3
disgusting,3
irritable,3
unquestionably,3
linen,3
precaution,3
discontent,3
discerning,3
tiptoe,3
vex,3
sloop,3
nicest,3
considers,3
sugar,3
represented,3
unavoidable,3
lit,3
detail,3
removals,3
beheaded,3
inquiring,3
plants,3
compromise,3
irritated,3
shillings,3
tails,3
strictly,3
quarrelled,3
create,3
cheap,3
pretended,3
needs,3
touched,3
anguish,3
carpet,3
fun,3
invented,3
detest,3
decline,3
interrupt,3
muchness,3
spectacles,3
pronounce,3
mortify,3
closer,3
trick,3
farmer,3
patiently,3
stretching,3
peeped,3
females,3
crossing,3
discern,3
trumpet,3
fortunes,3
unconcern,3
stepped,3
basil,3
sobbing,3
induce,3
negative,3
ellison,3
whispering,3
reckoned,3
linger,3
abundance,3
affording,3
pour,3
contracted,3
adieus,3
stable,3
lowness,3
inconstant,3
roses,3
imagining,3
instinctively,3
belmont,3
ranked,3
telescope,3
rascal,3
dashing,3
glasses,3
barouche,3
gazing,3
cheerless,3
brow,3
climate,3
inexcusable,3
unfolded,3
derive,3
facts,3
discerned,3
flying,3
bespeak,3
dried,3
shops,3
editions,3
plead,3
fulfill,3
encounter,3
housekeeping,3
dissimilar,3
bowing,3
coolly,3
ordering,3
gold,3
uncertainty,3
feelingly,3
disliked,3
remainder,3
occupy,3
muttered,3
landlord,3
consoled,3
respectful,3
sleepless,3
coolness,3
composedly,3
ample,3
ordained,3
varieties,3
whiskers,3
belongs,3
benevolent,3
justification,3
tortoise,3
presents,3
feeble,3
intermission,3
stole,3
effusion,3
tonight,3
beasts,3
unseen,3
perception,3
conceived,3
teach,3
foreseeing,3
ornamented,3
familiarly,3
yarmouth,3
snail,3
failure,3
nation,3
ascended,3
atmosphere,3
unconcerned,3
tide,3
conceit,3
presumptive,3
hoarse,3
cordial,3
brilliant,3
yielding,3
cordially,3
meditations,3
questioned,3
nibbling,3
wisdom,3
shrewd,3
deciding,3
revenge,3
expose,3
apples,3
displayed,3
wasted,3
hated,3
stopping,3
unobtrusive,3
regarding,3
endeavours,3
disgusted,3
shutting,3
mercy,3
bitterly,3
schoolfellow,3
unreasonable,3
discernment,3
reverted,3
spontaneous,3
anticipating,3
curtsey,3
acquitted,3
resigned,3
interposed,3
gloried,3
choosing,3
revive,3
condemnation,3
combat,3
wednesday,3
panther,3
twentieth,3
flat,3
obstacle,3
frigate,3
remarking,3
advantageous,3
preparations,3
endless,3
angel,3
byron,3
knot,3
accommodating,3
brilliancy,3
stubborn,3
rapture,3
temporary,3
writes,3
fatigues,3
crab,3
requiring,3
guarded,3
dissipated,3
feverish,3
pencil,3
heavily,3
earned,3
tucked,3
annamaria,3
favourites,3
irritation,3
arranging,3
captivating,3
seized,3
friday,3
omitted,3
attractive,3
attributing,3
blooming,3
oblige,3
imaginations,3
spacious,3
keener,3
disliking,3
disgraceful,3
willingness,3
formidable,3
shed,3
guarding,3
exclaiming,3
destination,3
pitying,3
contributed,3
secretly,3
poison,3
interests,3
assuring,3
recalled,3
delays,3
attracted,3
exciting,3
representing,3
promoted,3
revealed,3
hesitatingly,3
soldier,3
voluntary,3
bend,3
illiberal,3
rob,3
matrimony,3
ends,3
refusal,3
poured,3
position,3
9,3
malice,3
smoking,3
mothers,3
recall,3
coxcomb,3
final,3
adieu,3
vigorous,3
rub,3
resignation,3
glimpse,3
acknowledgments,3
tax,3
eventually,3
unequal,3
frog,3
infirmity,3
mantel,3
accompanied,3
perplexed,3
kick,3
niece,3
prettily,3
confirming,3
evenings,3
miniature,3
20,3
expressly,3
prior,3
reasoning,3
warning,3
secrets,3
drunk,3
feebleness,3
outweigh,3
consisted,3
fruit,3
unconnected,3
greatness,3
wealthy,3
trifled,3
consultation,3
emotions,3
comparing,3
prosperous,3
restraint,3
reciprocal,3
examples,3
trusting,3
longest,3
vigour,3
paw,3
prose,3
posture,3
ability,3
clearer,3
lavender,3
picked,3
mortified,3
usage,3
willoughbys,3
wonderland,3
discharge,3
bestowing,3
condescend,3
gown,3
appealed,3
entangled,3
expressively,3
involuntary,3
sign,3
beheld,3
division,3
warmest,3
foul,3
counteract,3
housemaid,3
benevolence,3
thousands,3
crash,3
ushered,3
audible,3
walker,3
retirement,3
immoveable,3
glances,3
gratify,3
howling,3
needn,3
entertain,3
yielded,3
lamenting,3
inspire,3
dirt,3
treachery,3
restore,3
errand,3
hedgehogs,3
owned,3
meanwhile,3
fur,3
stout,3
bachelor,3
conversations,3
shedding,3
aches,3
competence,3
pointedly,3
perform,3
assisting,3
legacy,3
blamable,3
filigree,3
dispute,3
projecting,3
doted,3
standard,3
ships,3
virtues,3
blue,3
boldly,3
knelt,3
communicating,3
apprehensive,3
strictest,3
planning,3
presentation,3
diffident,3
nonsensical,3
introducing,3
neighbouring,3
await,3
universal,3
excusable,3
pat,3
leaf,3
nameless,3
cheated,3
abused,3
descend,3
closet,3
somerset,3
drawling,3
branch,3
fatigued,3
quieted,3
reluctance,3
comparisons,3
affectation,3
presume,3
possessions,3
proposals,3
deprive,3
curtains,3
contrasted,3
asserted,3
nicety,3
youthful,3
torment,3
rocks,3
reviving,3
withstand,3
deficiencies,3
courting,3
severity,3
exceed,3
retain,3
couples,3
groom,3
resisted,3
faultless,3
caused,3
kill,3
sensibly,3
fitting,3
descriptions,3
cape,3
funny,3
muttering,3
displeasure,3
insincerity,3
revival,3
solely,3
grappler,3
grinned,3
blushing,3
unfavourable,3
deed,3
disinclination,3
june,3
branches,3
growl,3
rationally,3
lengthened,3
solicited,3
doth,3
ungrateful,3
renewing,3
rewarded,3
brain,3
octagon,3
cakes,3
indulging,3
supports,3
sends,3
accent,3
disrespectfully,3
hart,3
insinuations,3
witnessing,3
faulty,3
weakened,3
aspect,3
start,3
qualified,3
pulled,3
amusements,3
professedly,3
bitter,3
treading,3
urging,3
recital,3
owl,3
gloom,3
efficacy,3
pre,3
penance,3
candle,3
respectably,2
courted,2
lieutenant,2
partially,2
sequel,2
pensive,2
lefthand,2
blasts,2
lies,2
arisen,2
lent,2
toils,2
goldfish,2
eligibility,2
diminution,2
7,2
accusation,2
covert,2
incompatible,2
ungenteel,2
impertinently,2
hating,2
extension,2
flowers,2
dishes,2
falls,2
dispirited,2
wall,2
dozen,2
port,2
wink,2
propensities,2
leant,2
pleasantest,2
intend,2
longitude,2
briefly,2
doomed,2
mediation,2
clinging,2
fork,2
meekly,2
inexperienced,2
throughout,2
landed,2
scale,2
plantations,2
slept,2
invent,2
insignificant,2
dripping,2
unlocked,2
possessing,2
unkindly,2
perverseness,2
conscientious,2
scornfully,2
forgave,2
appeased,2
management,2
devotion,2
scream,2
stock,2
rapturously,2
bathed,2
sighted,2
flutter,2
imaginable,2
tend,2
bespoke,2
supplanted,2
beaten,2
shabby,2
11,2
indubitable,2
recognised,2
discredit,2
ashore,2
lisbon,2
helping,2
kisses,2
deceiving,2
preferable,2
mend,2
unconsciously,2
preserver,2
toward,2
unrestrained,2
kingdom,2
subsequent,2
orange,2
publications,2
somersault,2
ensued,2
saint,2
partialities,2
traveller,2
sarah,2
ugh,2
inadvertence,2
eclat,2
heroism,2
scholar,2
meditated,2
copy,2
ceiling,2
starting,2
betray,2
behaving,2
railway,2
doubtfully,2
extremity,2
intentionally,2
gradual,2
wallises,2
imbibed,2
3,2
salts,2
shilling,2
beating,2
involuntarily,2
narrowly,2
saves,2
beneficial,2
hedges,2
accomplish,2
alicia,2
cauldron,2
spiritless,2
inhabitants,2
departing,2
tidy,2
rare,2
insulted,2
fountains,2
sneezes,2
uglification,2
scratching,2
rubbed,2
efforts,2
goose,2
unpacked,2
viewed,2
pattern,2
unwounded,2
supplication,2
incivility,2
recommendations,2
partner,2
sweets,2
process,2
yawned,2
keen,2
dearly,2
blossoms,2
medicine,2
incessantly,2
reluctantly,2
dies,2
behold,2
comparative,2
resented,2
disagreement,2
fated,2
comprehending,2
larolles,2
orator,2
luxury,2
owners,2
lamps,2
pennyworth,2
conquests,2
beings,2
affability,2
completed,2
prohibited,2
meadow,2
unrolled,2
virtue,2
8,2
dances,2
grievous,2
doubtless,2
grecian,2
dawdling,2
squire,2
viscount,2
inheriting,2
performances,2
porter,2
whist,2
heat,2
dissent,2
rested,2
undertakes,2
paris,2
wasting,2
confidential,2
guardianship,2
managing,2
exceptions,2
reasoned,2
stays,2
candour,2
sobbed,2
22,2
forfeit,2
richardsons,2
acknowledgement,2
glanced,2
fearless,2
attained,2
rheumatic,2
collection,2
endured,2
mixing,2
tithes,2
estrangement,2
apace,2
blew,2
flushed,2
veracity,2
agreeing,2
considerately,2
graces,2
gentility,2
tediousness,2
frosts,2
intreat,2
salutation,2
congratulated,2
practised,2
degradation,2
ascent,2
extenuation,2
archibald,2
shouting,2
viewing,2
bolder,2
innocent,2
roared,2
midshipmen,2
studiously,2
revolting,2
conqueror,2
subjection,2
famous,2
instantaneously,2
aching,2
sedulously,2
obtaining,2
statement,2
creations,2
reductions,2
correspondent,2
disdain,2
ingenious,2
ridge,2
fickle,2
privileges,2
apply,2
attends,2
flamingoes,2
weathered,2
wanton,2
destroy,2
becomes,2
spell,2
rat,2
searched,2
baronetage,2
cliffs,2
suggestions,2
velvet,2
laundry,2
sealed,2
smirked,2
durable,2
contemplate,2
squeaking,2
sunshine,2
per,2
lawn,2
keenly,2
sixpence,2
disapprove,2
adorned,2
sparkling,2
eyeing,2
sheet,2
burnt,2
brave,2
ailment,2
truths,2
unacknowledged,2
madness,2
landing,2
insolent,2
performers,2
shaken,2
excuses,2
thoughtless,2
tended,2
suffice,2
faithful,2
swallowed,2
handwriting,2
unmanageable,2
attacks,2
withdrawn,2
arising,2
curled,2
rush,2
stretch,2
plague,2
foreign,2
sh,2
foresaw,2
bee,2
generously,2
pelisse,2
immense,2
thornberry,2
judgments,2
separations,2
contrition,2
affable,2
persisting,2
mood,2
orchestra,2
pebbles,2
acts,2
slighting,2
offensive,2
topics,2
loveliest,2
attainable,2
pardonable,2
contributing,2
comforted,2
associate,2
grounded,2
protesting,2
curiouser,2
frames,2
cherished,2
defective,2
sacrificing,2
guardian,2
surpassing,2
crept,2
grandson,2
tempting,2
syllables,2
18,2
censured,2
food,2
officious,2
frugality,2
unembarrassed,2
wont,2
benches,2
equals,2
blown,2
indigence,2
claws,2
reseated,2
contemptible,2
flowing,2
dropping,2
crewkherne,2
earls,2
gifted,2
brigden,2
avowal,2
embellishment,2
bide,2
ha,2
unpleasing,2
defy,2
nowhere,2
maternal,2
feebly,2
proclaim,2
prisoner,2
jointure,2
sweetest,2
presiding,2
charitable,2
omit,2
17,2
impediment,2
fainting,2
expeditiously,2
undertake,2
wronged,2
willingly,2
reluctant,2
purring,2
seclusion,2
cash,2
purchases,2
struggling,2
hither,2
needle,2
embarrassments,2
reformation,2
dutiful,2
inside,2
phrase,2
ungenerous,2
hackneyed,2
anticipate,2
deepest,2
residing,2
cows,2
honourably,2
volumes,2
acuteness,2
partners,2
assented,2
petty,2
likeness,2
richardson,2
misunderstood,2
ailments,2
joys,2
calls,2
brush,2
restorative,2
affectedly,2
injunction,2
enumeration,2
farthest,2
protest,2
clouded,2
hide,2
exterior,2
admittance,2
condemned,2
accosted,2
expects,2
projected,2
dated,2
contact,2
showery,2
commissioned,2
histories,2
urgency,2
indispensably,2
dismounted,2
rises,2
messenger,2
project,2
relenting,2
articles,2
atom,2
nobly,2
refrain,2
captivate,2
giaour,2
unsatisfactory,2
associations,2
dipped,2
legged,2
edwin,2
denoted,2
practise,2
eternal,2
satirical,2
sketch,2
heartiness,2
undertone,2
unpleasantness,2
innocence,2
allusion,2
easier,2
debts,2
control,2
similarity,2
experiencing,2
regulations,2
nibbled,2
raving,2
singers,2
6,2
screened,2
smokes,2
nasty,2
impose,2
regulated,2
charmouth,2
latitude,2
perfections,2
infer,2
cries,2
shift,2
mortifications,2
teaze,2
surprises,2
compatible,2
humbly,2
stamping,2
imperfection,2
successful,2
flatteries,2
feather,2
repentance,2
zealously,2
infatuation,2
labour,2
concessions,2
overcoming,2
original,2
sneeze,2
royal,2
attendants,2
crimsoned,2
staircase,2
heirs,2
carelessly,2
annihilation,2
forgets,2
stamped,2
properest,2
simpleton,2
unfounded,2
issued,2
persevered,2
nothingness,2
finances,2
minuter,2
scanty,2
broad,2
weakening,2
solicitudes,2
visible,2
innoxious,2
thicker,2
heighten,2
permanently,2
pinch,2
rugged,2
assuage,2
courtland,2
parliament,2
jargon,2
cottages,2
hiding,2
silk,2
congratulations,2
sandy,2
tumbled,2
19,2
enemy,2
bitterness,2
airs,2
purse,2
avignon,2
animal,2
crimson,2
turtles,2
exultingly,2
hunt,2
23,2
clearing,2
dreaming,2
poet,2
penetrated,2
buried,2
impudence,2
provide,2
wander,2
retained,2
transient,2
pink,2
dim,2
splashing,2
headed,2
hastening,2
coarse,2
tight,2
bite,2
recognition,2
chairs,2
fourteenth,2
annexed,2
judiciously,2
rivals,2
misconstruction,2
locks,2
insensibility,2
forebodings,2
freely,2
advising,2
hid,2
haired,2
wings,2
austen,2
lanes,2
informing,2
cup,2
deliberation,2
effusions,2
steadfast,2
oneself,2
amazingly,2
reports,2
respective,2
astray,2
internal,2
lowered,2
praises,2
seclude,2
partly,2
yew,2
supporting,2
gouty,2
northumbria,2
saucy,2
bursts,2
comprised,2
resistance,2
gaze,2
discontented,2
filling,2
discharging,2
forego,2
discompose,2
misses,2
obligingly,2
latest,2
poetical,2
barns,2
alterations,2
uncheerful,2
darling,2
butler,2
label,2
parchment,2
motionless,2
deviation,2
riding,2
grows,2
obstinacy,2
inconsolable,2
jane,2
lifting,2
simplest,2
yawning,2
quietness,2
condemning,2
invaluable,2
incurable,2
sheep,2
ingenuity,2
paint,2
undesirable,2
salt,2
resources,2
odious,2
accurately,2
considerations,2
canal,2
preferment,2
joyous,2
wake,2
executions,2
conjectural,2
relying,2
davies,2
slumber,2
august,2
states,2
advancement,2
insured,2
retreating,2
plaguing,2
thrill,2
useless,2
contemplated,2
pinched,2
proves,2
restrain,2
resettled,2
oldest,2
suffers,2
rider,2
overheard,2
illiterate,2
humiliating,2
remedies,2
pitiful,2
woody,2
swallow,2
keys,2
unknowingly,2
conveying,2
lamentations,2
measuring,2
comprehensive,2
resenting,2
activity,2
twist,2
riddles,2
hindrance,2
claiming,2
restoring,2
cushion,2
headstrong,2
scheming,2
assigned,2
teazing,2
oath,2
lend,2
hereabouts,2
mischievous,2
barbarous,2
herald,2
hypocrite,2
painfully,2
meal,2
exposing,2
suits,2
unusually,2
toil,2
substantial,2
cart,2
incommoded,2
taylor,2
considerably,2
pictured,2
hazard,2
abide,2
abhorred,2
penny,2
hates,2
discharged,2
comprise,2
premises,2
villain,2
ives,2
beforehand,2
jump,2
unreserved,2
prejudices,2
visibly,2
caprice,2
doting,2
comfits,2
despise,2
irrational,2
summoned,2
workmen,2
gallant,2
nevertheless,2
tedious,2
inconsiderable,2
unobserved,2
conceited,2
joyful,2
cucumber,2
patronised,2
compound,2
chariot,2
exchanged,2
dissipation,2
thistle,2
effectual,2
passionate,2
inflicting,2
helped,2
boasted,2
spoon,2
signed,2
providing,2
tempers,2
risen,2
libertine,2
smiths,2
coaxing,2
fight,2
gross,2
undervalue,2
cavil,2
medium,2
rome,2
hasn,2
reproached,2
crooked,2
nettles,2
baronetcy,2
tut,2
plighted,2
reckoning,2
scroll,2
civilly,2
undiscerning,2
poignant,2
hang,2
resume,2
saturday,2
pleases,2
prejudiced,2
altar,2
loose,2
vent,2
closely,2
uneasily,2
scold,2
propensity,2
refinement,2
bears,2
market,2
sixty,2
diminished,2
shakespeare,2
disengaged,2
bones,2
animating,2
particularity,2
appetite,2
reproaching,2
nourishment,2
survey,2
hanover,2
despondence,2
modes,2
gig,2
overpowers,2
authors,2
mindful,2
playful,2
altering,2
answering,2
mechanically,2
bird,2
shower,2
defended,2
plea,2
exclaim,2
glowed,2
uniformly,2
imperfectly,2
dullness,2
feature,2
undecided,2
reside,2
starved,2
correspond,2
pursue,2
theatre,2
picking,2
atone,2
agonies,2
unpremeditated,2
kensington,2
putrid,2
bough,2
apprehend,2
courtiers,2
upstairs,2
engross,2
reprimand,2
24,2
fruitless,2
spurned,2
price,2
stealing,2
arrange,2
bay,2
uncivil,2
abstraction,2
mall,2
creation,2
pump,2
despised,2
desperation,2
resembling,2
plagued,2
pushing,2
irish,2
feels,2
blunder,2
sufferer,2
disproportion,2
morcar,2
reminding,2
objected,2
truest,2
clamour,2
lastingly,2
prettiest,2
ribbons,2
forbid,2
wig,2
affronting,2
manor,2
threatened,2
disclosing,2
unreasonably,2
travellers,2
dues,2
teeth,2
suspension,2
barrowful,2
enthusiastic,2
search,2
easiest,2
custom,2
roots,2
estimating,2
adapted,2
sagacity,2
regain,2
gives,2
motto,2
disparity,2
unjustifiable,2
irreproachable,2
significantly,2
feed,2
hazarded,2
protege,2
contradictory,2
sadness,2
complaining,2
ordination,2
educated,2
milk,2
govern,2
esteems,2
lifted,2
discontents,2
sympathetic,2
jaws,2
mercia,2
experiment,2
custody,2
ineligible,2
ascending,2
argue,2
rightly,2
sour,2
governess,2
thump,2
cheek,2
conveniently,2
acute,2
cordials,2
july,2
temples,2
relinquishing,2
degrading,2
moralists,2
audibly,2
danced,2
vivacity,2
pope,2
aimed,2
regards,2
seizure,2
outwardly,2
ferrets,2
including,2
connect,2
mankind,2
blameless,2
unqualified,2
10,2
reflecting,2
swept,2
ellisons,2
watchful,2
penelope,2
prime,2
repulsive,2
describing,2
pall,2
inspection,2
anticipation,2
distinctly,2
nicely,2
mostly,2
honor,2
representations,2
incurring,2
tending,2
deliberating,2
harshly,2
averted,2
intently,2
rattling,2
teacups,2
rambles,2
grievance,2
hardness,2
negotiation,2
penitence,2
repaid,2
finds,2
seas,2
eel,2
recurred,2
bargain,2
irrepressible,2
gum,2
ascertaining,2
ireland,2
buzz,2
carries,2
governing,2
contraction,2
quotations,2
visions,2
trotting,2
restrained,2
suggesting,2
entertainment,2
estranged,2
arbour,2
familiar,2
tribute,2
establish,2
worry,2
saving,2
rubbing,2
marking,2
handsomely,2
enlargement,2
ruins,2
privately,2
results,2
estimable,2
largest,2
remorse,2
portraits,2
tremulous,2
boasting,2
marmalade,2
compounded,2
4,2
dimensions,2
equality,2
answerable,2
obstinate,2
bishop,2
transgressed,2
shining,2
descending,2
inforced,2
assiduities,2
discreet,2
infection,2
impartial,2
tooth,2
veranda,2
graciously,2
scoundrel,2
destruction,2
doubtingly,2
toys,2
withhold,2
submissive,2
trials,2
letting,2
calculate,2
unintentionally,2
kneel,2
bursting,2
bathing,2
parcel,2
12,2
unison,2
backwardness,2
wrapt,2
horrors,2
resorted,2
commander,2
stoop,2
unsuitable,2
conveniences,2
discovering,2
contenting,2
mulberry,2
sparks,2
rectory,2
killing,2
musings,2
preserving,2
forehead,2
indication,2
defects,2
explanatory,2
whispers,2
unchanged,2
referred,2
splendidly,2
investigation,2
negligence,2
emphasis,2
refreshments,2
requisite,2
decisive,2
medicines,2
accidental,2
pages,2
bows,2
storms,2
incurred,2
intends,2
solicitation,2
inns,2
rock,2
privy,2
preventing,2
taller,2
summits,2
mild,2
13,2
privacy,2
mode,2
vehemence,2
dejected,2
varied,2
firmer,2
explains,2
swimming,2
14,2
21,2
disappoint,2
retort,2
romance,2
advances,2
goodwill,2
stares,2
interim,2
slightingly,2
groves,2
push,2
forenoon,2
unemployed,2
struggled,2
disquiet,2
oblivion,2
wash,2
equalled,2
materials,2
pretending,2
snatch,2
merest,2
honiton,2
forbidding,2
furnishing,2
poultry,2
revolving,2
curtailed,2
repent,2
joyfully,2
correctness,2
image,2
embellishments,2
gates,2
punctually,2
hurriedly,2
banish,2
deserts,2
designing,2
lonely,2
destiny,2
heedless,2
test,2
lip,2
colicky,2
impetuous,2
refusing,2
preceded,2
withstood,2
rejoinder,2
withdraw,2
archbishop,2
inspired,2
renewal,2
disregard,2
deplorable,2
observances,2
sulkily,2
gaily,2
fainter,2
grieve,2
stayed,2
pitch,2
vestibule,2
dab,2
term,2
2,2
possessor,2
eighty,2
attendant,2
injure,2
successive,2
responsible,2
plates,2
disappointing,2
detected,2
salmon,2
perusal,2
twilight,2
proportions,2
shares,2
bark,2
dinn,2
individual,2
penetrating,2
communicative,2
reflected,2
wildness,2
submitting,2
unexpectedly,2
befell,2
tables,2
completion,2
exception,2
entertaining,2
accuse,2
specimen,2
distinguishing,2
neatly,2
inclinations,2
resided,2
unanswerable,2
blinded,2
striving,2
faithfully,2
frighten,2
incessant,2
stories,2
captains,2
seniority,2
repeats,2
additions,2
sole,2
protestations,2
puzzle,2
machines,2
cousinly,2
ringlets,2
sympathize,2
inconsistency,2
ceasing,2
feigned,2
compunction,2
hears,2
landlady,2
balanced,2
bequeath,2
headache,2
chambers,2
augmented,2
stake,2
uprightness,2
strolling,2
heels,2
maybe,2
degrade,1
unavoidably,1
promontories,1
premeditated,1
tortured,1
unequivocal,1
inner,1
abruptness,1
reasonings,1
spoiling,1
transmitted,1
commanders,1
inimical,1
barrier,1
elevate,1
orchards,1
yestermorn,1
painters,1
feign,1
inverted,1
harder,1
forgetful,1
imitation,1
flashed,1
waters,1
saucepans,1
conspicuous,1
conclusions,1
surveying,1
unavailing,1
drain,1
sympathised,1
regularity,1
penury,1
humbled,1
scorn,1
include,1
oddly,1
fraternal,1
import,1
richness,1
excluded,1
unwise,1
crust,1
differed,1
everlasting,1
sail,1
newton,1
undergoing,1
thunderbolts,1
unprosperous,1
beautifier,1
arguing,1
dung,1
growth,1
impressively,1
captiously,1
australia,1
muscular,1
vinegar,1
lark,1
sprawling,1
showers,1
turf,1
stomach,1
abundantly,1
audacity,1
foregoing,1
spontaneously,1
overthrow,1
countries,1
contusion,1
blotting,1
molland,1
blooded,1
immethodical,1
unimpaired,1
zigzag,1
dive,1
cardboard,1
inhabited,1
disapproved,1
remedy,1
drives,1
awoke,1
pearls,1
debate,1
faculties,1
bruises,1
extraordinarily,1
superiors,1
consciously,1
headship,1
heap,1
hearthrug,1
fanned,1
shyly,1
piteous,1
drift,1
bedchamber,1
prenticed,1
fates,1
succour,1
worthiest,1
reddened,1
superfine,1
varnished,1
netting,1
choicest,1
thread,1
joins,1
groups,1
placid,1
assorting,1
currants,1
stipulate,1
exhilarated,1
stocks,1
suitor,1
l,1
production,1
stammered,1
breed,1
retentive,1
protegee,1
avert,1
crazy,1
grins,1
noisier,1
tore,1
army,1
disclosure,1
cod,1
imply,1
mutton,1
beholding,1
fir,1
mountain,1
piquet,1
deputation,1
bookish,1
lodgers,1
judgements,1
riotous,1
defying,1
cripple,1
kindled,1
embarrass,1
reclaimed,1
pine,1
drowned,1
local,1
newness,1
rapacious,1
obedient,1
counter,1
intruded,1
imagery,1
publishing,1
importunity,1
copied,1
1791,1
pockets,1
constructed,1
curl,1
inexhaustible,1
excellently,1
horsepond,1
duplicity,1
bristling,1
lazy,1
extra,1
excellencies,1
plump,1
occupations,1
bout,1
excursions,1
mindedness,1
anyone,1
component,1
felow,1
professing,1
bermuda,1
trays,1
strenuous,1
stern,1
anxieties,1
denoting,1
playfellows,1
heroically,1
saloon,1
200,1
immoderately,1
crow,1
appreciate,1
parental,1
ambitious,1
eligibilities,1
vi,1
tray,1
x,1
sharks,1
rustling,1
childhood,1
precision,1
extorted,1
exclusively,1
awakening,1
sandersons,1
strengthen,1
scrupling,1
memento,1
unstudied,1
surviving,1
autumnal,1
quotation,1
trodden,1
implying,1
sung,1
favourably,1
ponder,1
heartless,1
abominate,1
choke,1
grinning,1
furious,1
wicket,1
stated,1
billiard,1
dove,1
university,1
borrowed,1
overtures,1
tauntingly,1
dash,1
repulsively,1
butterfly,1
scaly,1
dunce,1
surpassed,1
knives,1
twill,1
confessedly,1
dissolving,1
alighted,1
thorns,1
effected,1
brood,1
daggers,1
nominal,1
brightening,1
injurious,1
comfortless,1
profitable,1
governance,1
yelp,1
suet,1
afore,1
listeners,1
inch,1
29,1
acre,1
steeper,1
umbrellas,1
mistaking,1
marshal,1
wells,1
wm,1
greenhouse,1
multiplication,1
walrus,1
vote,1
thunder,1
lowing,1
rheumatism,1
unaccountably,1
embraces,1
42,1
shuffling,1
agent,1
sheweth,1
glee,1
cherish,1
smother,1
paternal,1
inconsistent,1
durands,1
rallied,1
cartwheels,1
stalk,1
moon,1
demesne,1
inherit,1
deliberate,1
unsuitableness,1
pillow,1
loitered,1
nt,1
unvisited,1
hemmed,1
opposer,1
gracefully,1
turnpike,1
seal,1
reliance,1
merited,1
gloucester,1
physician,1
greeted,1
pier,1
senseless,1
special,1
dimming,1
commonplace,1
arrum,1
raw,1
beast,1
henceforward,1
sooth,1
dotted,1
blockhead,1
priory,1
inexperience,1
worsting,1
perpetuated,1
causes,1
stream,1
labouring,1
custard,1
lazily,1
ravens,1
30,1
enfeebled,1
retailed,1
intruder,1
safeguard,1
insisting,1
faced,1
pop,1
terminated,1
instructions,1
reformed,1
depravity,1
admirers,1
guardians,1
34,1
halves,1
intervention,1
deprecated,1
unconvinced,1
replaced,1
divisions,1
document,1
maps,1
curly,1
sluggard,1
alternative,1
rash,1
feeding,1
solicitations,1
colder,1
hinder,1
fanciful,1
dairy,1
metaphor,1
assistant,1
gad,1
affronted,1
unbecoming,1
unwearied,1
rains,1
inlaid,1
kindle,1
persuasions,1
softly,1
dig,1
prescience,1
wittiest,1
mid,1
constantia,1
rescued,1
liquor,1
accordant,1
option,1
winters,1
kicking,1
contrivances,1
reprieve,1
revelled,1
shingle,1
aggrandizement,1
gales,1
gracefulness,1
mass,1
dispatches,1
tattered,1
unaffectedly,1
alphabet,1
blackest,1
untouched,1
eminence,1
idled,1
artless,1
reproved,1
rendering,1
explicit,1
gale,1
stuck,1
scheherazade,1
afflict,1
subservient,1
endurance,1
vigor,1
sharpe,1
surplice,1
deterred,1
reprobate,1
murmurings,1
spoils,1
non,1
tossed,1
significance,1
occurs,1
confer,1
forcibly,1
consists,1
dissatisfaction,1
cheat,1
insignificance,1
frantic,1
weaknesses,1
anecdotes,1
perforce,1
conflicts,1
ibbotsons,1
ninety,1
inadvertencies,1
bodies,1
shiver,1
wits,1
ix,1
hm,1
cant,1
befallen,1
transact,1
abuses,1
philosophy,1
ivory,1
sweetly,1
widely,1
reclining,1
refreshing,1
dismissal,1
summit,1
luxuriant,1
languor,1
sounding,1
usurpation,1
newly,1
surfaces,1
emigrant,1
pimples,1
insist,1
alternatives,1
trespass,1
popular,1
outer,1
reined,1
burning,1
inquisitively,1
dainties,1
clogged,1
minutely,1
gigs,1
augment,1
dealt,1
shield,1
afflicting,1
mound,1
borough,1
1814,1
charities,1
applicant,1
juncture,1
conceiving,1
dissipations,1
dawning,1
descried,1
reduction,1
dangers,1
barking,1
sentenced,1
barouches,1
sneer,1
mysteriously,1
28,1
relinquished,1
offences,1
commiseration,1
duodecimo,1
borders,1
appreciation,1
privileged,1
quickness,1
daisy,1
woke,1
dreamed,1
projection,1
passages,1
insufficiency,1
ineffectual,1
nods,1
chuckle,1
delightfully,1
apprehended,1
confidant,1
prescriptions,1
stating,1
pore,1
bulky,1
lameness,1
plumpness,1
enthusiast,1
mischance,1
grumbled,1
kings,1
mallets,1
repaired,1
conspired,1
reins,1
fragments,1
dismembered,1
laundress,1
colonnade,1
apple,1
ladder,1
rope,1
baked,1
commercial,1
boiled,1
reform,1
healthful,1
walnut,1
admirable,1
respectfully,1
presenting,1
promptitude,1
imparted,1
patents,1
suspend,1
envied,1
trustiest,1
proposing,1
holly,1
atkinson,1
endeavor,1
brighter,1
duration,1
reputation,1
carefulness,1
hostile,1
35,1
honorable,1
religion,1
expediency,1
prone,1
cling,1
encountered,1
parson,1
prison,1
tinkling,1
funeral,1
extend,1
incautiousness,1
swollen,1
consistency,1
tranquilize,1
covering,1
popt,1
tranquility,1
nurses,1
unfeigned,1
undergone,1
shrugging,1
boyish,1
approving,1
29th,1
unutterable,1
winds,1
enquirer,1
brook,1
knuckles,1
gloomily,1
elsie,1
judicious,1
kicked,1
beamed,1
disclaiming,1
grove,1
spine,1
apart,1
mature,1
racks,1
rents,1
hotel,1
curtseying,1
ada,1
puss,1
thatched,1
indelicacy,1
disapproves,1
practiced,1
whitakers,1
eloping,1
seduced,1
brooding,1
poplars,1
horizon,1
borrow,1
pushed,1
morley,1
tapping,1
falter,1
comforters,1
balance,1
refute,1
title,1
level,1
communications,1
inwards,1
grunt,1
desks,1
jug,1
furrows,1
counting,1
toss,1
prudently,1
theme,1
candlelight,1
stress,1
faintness,1
inventive,1
vacate,1
stormy,1
advertise,1
cuts,1
woe,1
pierced,1
reserving,1
crossly,1
flock,1
wonderer,1
wrapped,1
tormented,1
treasured,1
47,1
abominates,1
desolate,1
distinct,1
fund,1
paced,1
energetic,1
teaching,1
furiously,1
outraged,1
sellers,1
inspiring,1
encroachments,1
cherries,1
twould,1
merriment,1
substance,1
snatched,1
glare,1
counterbalance,1
undeviating,1
apiece,1
nodding,1
biddy,1
compares,1
lecture,1
sobering,1
conjunctions,1
rector,1
renter,1
plausible,1
resort,1
roast,1
chrysalis,1
jaw,1
beheading,1
ful,1
newer,1
obey,1
cherishing,1
knack,1
malady,1
shutter,1
relics,1
henceforth,1
acquaintances,1
failings,1
unpolished,1
infuse,1
retiring,1
needful,1
poems,1
revolution,1
doorway,1
crocodile,1
bawled,1
tipped,1
miracle,1
illaudable,1
disastrous,1
pry,1
possesses,1
obstacles,1
shown,1
badness,1
silencing,1
stupified,1
trent,1
vine,1
abydos,1
notoriety,1
unsafe,1
wooden,1
puffed,1
rosetree,1
steadier,1
provisions,1
stare,1
trades,1
philanthropic,1
drawback,1
proposition,1
critique,1
profiting,1
mahogany,1
unmodernized,1
nosegay,1
consultations,1
reader,1
mightily,1
wriggling,1
muddle,1
flurry,1
lustily,1
tuned,1
moan,1
buying,1
bluntly,1
bidding,1
fretful,1
operated,1
lists,1
reappeared,1
perpetually,1
akin,1
foremost,1
surface,1
defiance,1
zealand,1
marched,1
pun,1
beset,1
parcels,1
esteeming,1
douceur,1
hostess,1
blights,1
economical,1
swell,1
constitutional,1
horribly,1
unobservant,1
schoolmaster,1
renew,1
justness,1
popularity,1
assumed,1
eats,1
nest,1
lullaby,1
decisively,1
conformity,1
potent,1
detecting,1
mutually,1
delirium,1
liveliness,1
recurrence,1
westward,1
appropriate,1
labourers,1
speculate,1
weasel,1
vehement,1
au,1
protests,1
leg,1
farthing,1
recoverable,1
nile,1
palm,1
doat,1
irritability,1
bely,1
impolitic,1
ho,1
magnanimity,1
adhering,1
retrenchments,1
retrenching,1
mackenzie,1
unconsidered,1
darting,1
avoidance,1
purification,1
hideous,1
maintain,1
annoy,1
shrimp,1
dismay,1
7000l,1
passionately,1
effectually,1
cheerfuller,1
coachman,1
purposes,1
43,1
sized,1
alienations,1
paths,1
whereabouts,1
assenting,1
precepts,1
unnecessarily,1
differ,1
revel,1
fires,1
insinuating,1
pacify,1
teasing,1
draggled,1
banquet,1
inhabiting,1
enraged,1
relinquishment,1
unconsciousness,1
professionally,1
throats,1
sophys,1
ultimate,1
morsel,1
grazed,1
buttons,1
plait,1
forbidden,1
extinction,1
31,1
delicacies,1
narrator,1
monopolize,1
anymore,1
sagaciously,1
enamoured,1
calming,1
howsever,1
enlightened,1
resuscitation,1
remnant,1
prided,1
preliminary,1
brotherliness,1
smarting,1
corrective,1
fidgeted,1
unfashionable,1
modestest,1
backwards,1
hon,1
surprising,1
dissented,1
amended,1
forbad,1
emboldened,1
lansdown,1
sand,1
illustration,1
arrives,1
leagued,1
humiliations,1
annum,1
residue,1
powerless,1
unanswered,1
famed,1
rumble,1
assiduously,1
baths,1
translate,1
pretexts,1
beak,1
imitated,1
splashed,1
tardy,1
forfeited,1
endear,1
venturing,1
cruelly,1
sterling,1
forbore,1
holborn,1
lombardy,1
unsoftened,1
treason,1
overtook,1
religious,1
sympathized,1
beach,1
diverting,1
injunctions,1
patted,1
articulation,1
unsatiable,1
classed,1
fascinating,1
seduction,1
banker,1
demeanor,1
auditors,1
intent,1
postponing,1
pecuniary,1
inattentive,1
echoed,1
modify,1
misuse,1
mirrors,1
normans,1
trot,1
ridges,1
mayn,1
extras,1
ornament,1
patterns,1
apricot,1
author,1
candidly,1
dawned,1
inequality,1
baited,1
quantity,1
unformed,1
surname,1
umbrella,1
n,1
intimation,1
proverbs,1
acknowledgements,1
deplore,1
pulling,1
whiles,1
disposing,1
ham,1
refinements,1
fullest,1
handle,1
unfair,1
diabolical,1
hoarded,1
embraced,1
infected,1
impeaching,1
plaster,1
blister,1
preserves,1
bare,1
transgressions,1
adjourn,1
footmen,1
roughly,1
memorandum,1
remembrances,1
tries,1
gilberts,1
poking,1
abominably,1
henshawe,1
desertion,1
scrupled,1
conjecturing,1
fortify,1
lighten,1
circumventing,1
exquisitely,1
tillie,1
pence,1
amazing,1
keeps,1
confusedly,1
credulous,1
pupil,1
27,1
hauteur,1
fretted,1
despatching,1
unbiased,1
hale,1
realized,1
captures,1
issuing,1
lifeless,1
dint,1
sultaness,1
german,1
gunsmith,1
movements,1
retracted,1
cherry,1
quiver,1
arithmetic,1
threatening,1
uselessly,1
hartshorn,1
pacified,1
slyly,1
harbour,1
bristol,1
faring,1
pear,1
province,1
admiralty,1
cockleshell,1
hammer,1
maturity,1
toffee,1
iii,1
chop,1
unlocking,1
mineral,1
seaography,1
squeeze,1
compass,1
meadows,1
plums,1
debated,1
aptitude,1
blundered,1
manager,1
narratives,1
pavements,1
wantonly,1
spoiled,1
ablest,1
intimated,1
guessing,1
significancy,1
silks,1
concise,1
dennison,1
strains,1
cheerfullest,1
umpire,1
proficient,1
tunbridge,1
coward,1
straightened,1
bequest,1
fame,1
malignant,1
proportionately,1
endeavors,1
ennui,1
band,1
administering,1
rascally,1
decencies,1
chances,1
repack,1
undesired,1
gleaning,1
mourner,1
undertook,1
scarecrows,1
legible,1
struggles,1
tougher,1
diamonds,1
gather,1
repressed,1
stirred,1
26,1
conjure,1
lodges,1
powder,1
exemplify,1
rowed,1
breathings,1
slip,1
bending,1
1st,1
trinkets,1
sank,1
1865,1
furrow,1
garret,1
undertaking,1
overstrained,1
circles,1
forwarding,1
patches,1
unspeakable,1
equipped,1
earn,1
carroll,1
saucer,1
rabbits,1
rocket,1
rapped,1
nuisance,1
measured,1
alarms,1
complicated,1
blunt,1
swelling,1
quivered,1
slighter,1
journeys,1
burden,1
excepted,1
delicious,1
tunnel,1
spades,1
forepaws,1
delineated,1
dispersed,1
disbelief,1
mysterious,1
ponds,1
gathering,1
livings,1
summons,1
freehold,1
disincline,1
ensure,1
omitting,1
unfolding,1
resemble,1
resentful,1
uncorked,1
suppress,1
rustled,1
prosperously,1
reanimate,1
chaperon,1
ice,1
blank,1
companionableness,1
seconds,1
commands,1
violoncello,1
dartford,1
uproar,1
46,1
hanger,1
grandfathers,1
harden,1
fields,1
numbers,1
baronight,1
restoratives,1
drinks,1
surveyor,1
scrambling,1
jack,1
uglifying,1
canvas,1
abounded,1
outdone,1
frightens,1
portrait,1
qualification,1
honorably,1
philippic,1
emptiness,1
norfolk,1
unblemished,1
suitably,1
emendation,1
timidity,1
shawl,1
shipwrecked,1
fought,1
tulip,1
weren,1
queerest,1
stimulated,1
depart,1
acquiesced,1
talker,1
hallooing,1
permission,1
healing,1
charged,1
dagger,1
failing,1
nobleman,1
heats,1
disengaging,1
judges,1
commanding,1
grammar,1
prosecute,1
wearily,1
hopeful,1
invention,1
maxim,1
shortness,1
casino,1
forfeiting,1
bury,1
inserting,1
impressed,1
junction,1
courtships,1
frosty,1
equipage,1
calculates,1
resource,1
distraction,1
lastly,1
acutely,1
mohrs,1
whims,1
artlessness,1
fondness,1
punish,1
contribution,1
vouchsafed,1
bigger,1
passions,1
duets,1
valet,1
uneventful,1
engrafted,1
reprobates,1
entitle,1
accession,1
backed,1
inexpensive,1
bruise,1
sauntering,1
instrumental,1
terribly,1
bulk,1
unnoticed,1
descendant,1
witnesses,1
lounging,1
demur,1
minuteness,1
vary,1
indulges,1
sighs,1
turnings,1
proprietors,1
enforce,1
leaned,1
inaction,1
edgar,1
adoption,1
pencils,1
coats,1
gallop,1
hardships,1
partook,1
curtsying,1
outstaid,1
signs,1
cuffs,1
protected,1
clink,1
revolts,1
immortality,1
flavour,1
doze,1
moonlight,1
boisterous,1
reservedness,1
theft,1
toned,1
pique,1
muslin,1
finale,1
casements,1
exaggeration,1
sedentary,1
carpentered,1
introductions,1
certify,1
silver,1
untaught,1
informs,1
ink,1
fertile,1
decisions,1
proprietor,1
destroys,1
unchanging,1
ebullition,1
recreating,1
purity,1
scorning,1
incitement,1
equity,1
skilful,1
duplicate,1
commonwealth,1
lieve,1
astonish,1
intrude,1
employing,1
preconcerted,1
authorise,1
operate,1
straightening,1
punching,1
purple,1
legacies,1
chagrined,1
divine,1
joking,1
profited,1
unfathomable,1
misapplied,1
inflicted,1
singular,1
yeomen,1
marmion,1
lewis,1
hoarsely,1
teases,1
vegetable,1
seals,1
drains,1
assertions,1
portman,1
referring,1
midsummer,1
disobedient,1
feminine,1
pocketbook,1
confederacy,1
approachable,1
steadiest,1
credible,1
counteracting,1
rut,1
endurances,1
inured,1
military,1
reddening,1
v,1
pan,1
humored,1
piqued,1
bags,1
vulgarity,1
persevering,1
images,1
precluded,1
chattering,1
counted,1
axes,1
endeavoring,1
palanquins,1
inflict,1
contrivance,1
humouring,1
wildest,1
sallow,1
laboured,1
congratulating,1
expand,1
circumspection,1
undervalued,1
bills,1
personableness,1
scientific,1
laws,1
romancing,1
thomson,1
unites,1
whip,1
mantelpiece,1
shews,1
unbounded,1
gifts,1
pathetic,1
lake,1
indebted,1
connecting,1
convictions,1
bridge,1
detailed,1
charges,1
undoing,1
eh,1
flappers,1
indefatigable,1
militated,1
mare,1
mab,1
comings,1
undeserving,1
owning,1
stylish,1
instantaneous,1
harmless,1
capability,1
doubly,1
unconquerable,1
fluctuating,1
compromising,1
unalterable,1
manoeuvred,1
nothings,1
atheling,1
oyster,1
peeping,1
juror,1
literature,1
extending,1
gathered,1
merrier,1
taverns,1
vowed,1
unwarily,1
smoothly,1
indolence,1
publication,1
trunks,1
originals,1
unsisterly,1
broadest,1
licking,1
patriotic,1
murder,1
desk,1
mistakes,1
fatiguing,1
alienated,1
rug,1
nests,1
relapse,1
overspreading,1
awaited,1
ancestry,1
outline,1
accused,1
shudderings,1
plainer,1
unheard,1
heaped,1
unperplexed,1
wrapping,1
chimneys,1
clubs,1
uncomfortably,1
eels,1
cartwright,1
collation,1
simpering,1
tallest,1
punctuality,1
differing,1
transport,1
1785,1
taxes,1
speeches,1
occasioning,1
extant,1
withdrawing,1
littlenesses,1
humbler,1
contiguous,1
characteristic,1
worm,1
crawling,1
strings,1
festival,1
insufferably,1
imprint,1
atoning,1
conciliate,1
fox,1
solidly,1
contemplating,1
singleness,1
miserably,1
creditors,1
unexceptionable,1
escaping,1
rambling,1
lame,1
easterly,1
courtesies,1
admirably,1
official,1
reversion,1
inhumanity,1
humouredly,1
representatives,1
indelible,1
thankfulness,1
indicate,1
curving,1
jogged,1
trickling,1
candles,1
z,1
thames,1
trash,1
cultivation,1
spicers,1
freshness,1
sidmouth,1
record,1
erring,1
fervour,1
fling,1
transposed,1
rouge,1
gnawing,1
skimming,1
doubled,1
stiff,1
depressed,1
tower,1
frivolous,1
slope,1
politics,1
entry,1
41,1
virulence,1
traced,1
accustom,1
obstructed,1
rumours,1
dinings,1
sonnet,1
corpse,1
chill,1
enviable,1
shades,1
fowls,1
abstracted,1
string,1
diffuse,1
undeceive,1
sha,1
remind,1
studying,1
gets,1
reigning,1
principals,1
antipathies,1
canterbury,1
magpie,1
supple,1
morals,1
restriction,1
oftenest,1
revealment,1
indisputable,1
unshaken,1
stiffly,1
administer,1
stupor,1
wreck,1
afloat,1
concussion,1
unfeudal,1
unattended,1
baronetcies,1
starts,1
covet,1
tearing,1
labelled,1
eaten,1
wag,1
games,1
yelled,1
degraded,1
accrue,1
puppyism,1
flourish,1
dreamt,1
betimes,1
authorising,1
plight,1
substitution,1
compelled,1
cushions,1
cleansed,1
obviously,1
embargo,1
lighted,1
cloud,1
witticisms,1
encouragements,1
etiquette,1
prosecution,1
crossness,1
springs,1
indiscreet,1
pulteney,1
associated,1
climb,1
geography,1
rudeness,1
teapot,1
p,1
softener,1
undressed,1
unread,1
insulting,1
lightly,1
consumption,1
unremitting,1
sedateness,1
augmenting,1
assistants,1
tressels,1
refer,1
periods,1
vanquished,1
wheedled,1
caressed,1
lacie,1
accounting,1
tureen,1
rattle,1
lengths,1
quickest,1
intrinsically,1
intruding,1
pint,1
dryness,1
incurious,1
noted,1
petted,1
hinting,1
designed,1
inexpressibly,1
unlooked,1
shark,1
diligently,1
separately,1
westminster,1
breast,1
comment,1
superintend,1
publicity,1
electrified,1
aunts,1
priced,1
slam,1
unfledged,1
toilsome,1
leaders,1
screaming,1
inheritor,1
wooded,1
blushes,1
transparency,1
criminal,1
flourishing,1
smartness,1
paces,1
mistrust,1
city,1
joked,1
spends,1
deter,1
intents,1
conning,1
expatiate,1
sobered,1
glebe,1
callers,1
sprang,1
multiply,1
fascination,1
abdication,1
fed,1
player,1
daylight,1
sternly,1
figures,1
birthday,1
france,1
belt,1
fluttered,1
confounded,1
disinterestedness,1
whiled,1
reckons,1
painter,1
digress,1
residents,1
loitering,1
paltry,1
fairy,1
whistling,1
fulfil,1
embitter,1
bonomi,1
conditions,1
disfigured,1
wholesome,1
mediterranean,1
strip,1
despondency,1
discomfited,1
camomile,1
trims,1
calculation,1
sociable,1
temporizing,1
importunate,1
proclaiming,1
singly,1
unresisted,1
imprudently,1
abbeyland,1
whiter,1
scrawls,1
chasms,1
poring,1
disdainful,1
grandchildren,1
politicians,1
stupidly,1
ledge,1
speaker,1
earthly,1
pointers,1
novel,1
foolishly,1
emergency,1
worsted,1
vouchsafe,1
38,1
40,1
atoned,1
aristocratic,1
association,1
heyday,1
misconceived,1
springing,1
forwardness,1
robust,1
howled,1
exigence,1
spraining,1
imperfections,1
assemblies,1
hum,1
sacred,1
ungraciously,1
requesting,1
condescended,1
undue,1
sweeps,1
devoured,1
chain,1
dozing,1
fifth,1
speculation,1
25,1
inforce,1
gaucherie,1
martha,1
beef,1
conjurer,1
social,1
clifton,1
cruise,1
unworthily,1
summarily,1
sticks,1
hippopotamus,1
bother,1
pleasantness,1
hazy,1
forwarded,1
kingham,1
tuition,1
banns,1
unexpressed,1
unobtrusiveness,1
virtuous,1
renounced,1
reduce,1
contractions,1
renting,1
pooles,1
cliff,1
emulating,1
becomingly,1
oral,1
privations,1
fickleness,1
violated,1
terrier,1
sob,1
relish,1
columella,1
olives,1
rage,1
accelerate,1
investigate,1
prompt,1
tales,1
crouched,1
indecorous,1
canvassing,1
cautiousness,1
conditioned,1
enclosure,1
officiously,1
performing,1
spotted,1
44,1
unshackled,1
blindness,1
daisies,1
oblong,1
crashed,1
alleviation,1
intuitively,1
waggons,1
idly,1
publish,1
recanting,1
waist,1
clapping,1
imitate,1
wisher,1
elizabeths,1
sway,1
exit,1
acquittal,1
retrospections,1
daresay,1
flung,1
fighting,1
impoverishing,1
exhausted,1
uncouth,1
occurrence,1
agitate,1
traits,1
retreat,1
requisitions,1
unfastened,1
testify,1
desert,1
meditating,1
anchorage,1
distracting,1
buttered,1
lad,1
quickened,1
confound,1
wiping,1
rolling,1
muff,1
stew,1
clarke,1
huswifes,1
reconsider,1
genial,1
retrenched,1
knight,1
grievances,1
rats,1
argued,1
denote,1
speculative,1
kneeling,1
covenant,1
ranging,1
proportioned,1
awaking,1
expenditure,1
contended,1
unprofitable,1
actuated,1
merged,1
tease,1
labours,1
panel,1
thoughtlessness,1
recommencing,1
devoting,1
unrivalled,1
requited,1
vii,1
economically,1
waistcoats,1
ankles,1
habitation,1
counteracted,1
determinate,1
dessert,1
lurking,1
shoot,1
alliances,1
flight,1
saleable,1
superiorities,1
national,1
fender,1
jelly,1
inkstand,1
sale,1
powered,1
dupe,1
coxcombs,1
obviating,1
tremour,1
posts,1
tricked,1
hardening,1
unfulfilled,1
unintelligible,1
annual,1
dealings,1
uses,1
instinct,1
ennoble,1
disclosed,1
regaling,1
granting,1
seaside,1
leap,1
eleventh,1
reeds,1
acquitting,1
rung,1
inure,1
harasses,1
countenances,1
consigned,1
watchman,1
streightens,1
blades,1
egg,1
untwist,1
flinging,1
simpson,1
gibson,1
enfranchisement,1
befalls,1
billiards,1
infamously,1
switch,1
variance,1
printshop,1
brand,1
apologised,1
harassing,1
decides,1
feathers,1
pot,1
jest,1
weymouth,1
inquisitiveness,1
cassino,1
reclaim,1
detection,1
gape,1
sloping,1
temperate,1
decree,1
domingo,1
unsuspicious,1
disobliging,1
bordered,1
deducting,1
recognise,1
sentimental,1
hesitate,1
hushed,1
artist,1
impetuosity,1
overhead,1
crawled,1
traps,1
upsetting,1
shutters,1
wager,1
broader,1
inconsiderately,1
detested,1
unfatherly,1
hens,1
strangeness,1
hue,1
exuberance,1
wrinkles,1
consulting,1
net,1
prized,1
sweeter,1
ostentatiously,1
toiling,1
exalt,1
fishes,1
favoured,1
denies,1
negligent,1
puts,1
perturbation,1
souls,1
warranted,1
april,1
incoherently,1
unquiet,1
fearlessness,1
prettiness,1
wainscot,1
enclosures,1
deposited,1
whine,1
mar,1
retarding,1
darings,1
blunders,1
turkey,1
skurried,1
win,1
coincide,1
dares,1
deserves,1
impoverished,1
unsettle,1
elude,1
clumsy,1
satin,1
brethren,1
generation,1
fresher,1
entrusted,1
divorce,1
warehouse,1
precise,1
uppermost,1
circuit,1
copying,1
quieter,1
sunny,1
preachers,1
bitterest,1
newspapermen,1
crape,1
million,1
fors,1
disrespectful,1
tiresome,1
rippling,1
pasture,1
chatty,1
qualifications,1
mingle,1
seducer,1
holburn,1
blast,1
articulate,1
meals,1
unbending,1
musician,1
depression,1
wearied,1
assert,1
creep,1
magic,1
counsellor,1
political,1
grate,1
sisterly,1
bashful,1
decently,1
accounted,1
formally,1
penetrate,1
relent,1
selection,1
strafford,1
fraught,1
diversified,1
flagrant,1
snappishly,1
vanishing,1
steepest,1
mighty,1
irregular,1
playthings,1
concerto,1
resists,1
enforcement,1
duly,1
excursive,1
disorder,1
bliss,1
misfortunes,1
speechless,1
inimitable,1
coast,1
accustomed,1
flustered,1
applause,1
hunted,1
exorbitant,1
hearer,1
interspersed,1
undone,1
isle,1
pallid,1
threatenings,1
admirer,1
cluster,1
ointment,1
gravy,1
impenetrable,1
recommending,1
gloominess,1
clerk,1
33,1
heights,1
flaring,1
infamous,1
subsisting,1
disagreements,1
serving,1
predicament,1
intervening,1
discriminating,1
chooses,1
idiotic,1
squeezed,1
boon,1
xi,1
unpromising,1
valleys,1
ankle,1
abstruse,1
grudge,1
jilting,1
theory,1
incumbrance,1
understands,1
follies,1
plunged,1
engraved,1
growls,1
croqueted,1
croqueting,1
fading,1
shifting,1
bruised,1
minor,1
marys,1
squares,1
supplement,1
welcoming,1
stiles,1
missing,1
caring,1
enormous,1
banks,1
powdered,1
tiled,1
celebrated,1
defined,1
foibles,1
puppies,1
philosophic,1
burgess,1
empowered,1
affluent,1
privateers,1
nursed,1
discussed,1
collects,1
misconstructions,1
fills,1
sage,1
merrily,1
stingy,1
ache,1
downwards,1
pretext,1
abandoned,1
irreconcilable,1
luxurious,1
admission,1
blackguard,1
affirmative,1
justifying,1
labor,1
jumbled,1
inspect,1
maxims,1
rejoined,1
usages,1
advertised,1
stands,1
perticular,1
channel,1
imaged,1
shaving,1
levity,1
maclean,1
assuming,1
shelf,1
blinds,1
wonted,1
heedlessness,1
beautify,1
pretends,1
cutlets,1
delivery,1
comforter,1
detaining,1
wettest,1
improperly,1
rooted,1
interviews,1
dullest,1
possibilities,1
details,1
err,1
irons,1
elect,1
elucidation,1
conciliation,1
48,1
unpardoned,1
methods,1
gainer,1
catastrophe,1
unproductively,1
straitened,1
felicitous,1
kettle,1
doubling,1
corners,1
die,1
hunts,1
vile,1
adequate,1
clue,1
undeceiving,1
reparation,1
sweep,1
rigid,1
governor,1
pervading,1
gadding,1
hail,1
betide,1
knit,1
adverse,1
poky,1
neighbourly,1
aim,1
blasted,1
braving,1
punctual,1
utterance,1
nerve,1
undesirableness,1
conception,1
lavish,1
chancing,1
displaying,1
treasures,1
stigand,1
canary,1
hatters,1
chained,1
election,1
abridgement,1
prepossessed,1
storm,1
1760,1
bahama,1
ailed,1
nuts,1
collections,1
augur,1
flag,1
overlooking,1
prophesied,1
downward,1
pet,1
buttercup,1
annoyed,1
incommode,1
clamorous,1
despising,1
benignant,1
inarticulate,1
ruling,1
unsolicitous,1
prematurely,1
male,1
hazel,1
needles,1
precipitate,1
fait,1
edify,1
comprehensible,1
tasting,1
rewards,1
flame,1
awfully,1
chains,1
cackled,1
climbing,1
permitting,1
teazed,1
unlover,1
observer,1
deliver,1
1789,1
extinguish,1
retract,1
blowing,1
prayer,1
scrawl,1
bleeds,1
panted,1
disarm,1
toleration,1
torrent,1
packed,1
easter,1
sheath,1
prophecies,1
plods,1
unvarying,1
frights,1
kinds,1
snorting,1
centered,1
thistles,1
infancy,1
goodby,1
shivering,1
emergence,1
refreshment,1
sally,1
forgetfulness,1
preside,1
hurricane,1
glimpses,1
bewildering,1
bled,1
fumbled,1
superannuated,1
dispatched,1
affects,1
amiably,1
freeze,1
repulsed,1
parrys,1
insurmountable,1
extinguished,1
obviated,1
playfulness,1
irreparable,1
exercising,1
loyalty,1
sameness,1
fastidiousness,1
squareness,1
memoirs,1
stupidity,1
locked,1
fireplace,1
disobey,1
genuinely,1
establishing,1
enforcing,1
tract,1
suggestion,1
refreshed,1
undesignedly,1
confide,1
rear,1
indenture,1
chatted,1
sighings,1
reap,1
literary,1
startle,1
arrow,1
educations,1
throne,1
skirt,1
transacted,1
felicitations,1
tediously,1
conforming,1
familiarized,1
dilatoriness,1
1818,1
1787,1
slender,1
sturdy,1
vext,1
recognising,1
driest,1
elbows,1
mournful,1
onions,1
chuckled,1
strive,1
savings,1
friendliest,1
disputes,1
paleness,1
reminds,1
seconded,1
thunderbolt,1
diction,1
catalogue,1
refresh,1
exhibited,1
fishing,1
evade,1
frequenting,1
carts,1
thickest,1
wary,1
hiss,1
clean,1
installed,1
remembers,1
rectitude,1
32,1
reaped,1
entanglement,1
disdained,1
tenantry,1
unpersuadable,1
frankland,1
manoeuvres,1
executor,1
beside,1
watches,1
splash,1
condemn,1
abhor,1
exercised,1
contribute,1
soothings,1
coachmaker,1
sessions,1
conversant,1
grierson,1
contrive,1
compressed,1
shakes,1
unprejudiced,1
goings,1
concession,1
regulate,1
sauntered,1
secures,1
flowed,1
concurrence,1
breathing,1
store,1
errors,1
comer,1
pinny,1
gapes,1
archly,1
testimonies,1
inelegant,1
niggardly,1
drops,1
orphan,1
steadily,1
personage,1
alternation,1
guile,1
lateness,1
disfavour,1
pattens,1
remonstrance,1
depriving,1
rearing,1
hjckrrh,1
impartiality,1
ninny,1
declarations,1
abbreviation,1
suppositions,1
indecisive,1
spots,1
newest,1
grazier,1
wriggles,1
capering,1
clasped,1
distrusts,1
contrives,1
systems,1
prepossessing,1
subsist,1
scotland,1
worded,1
forsaking,1
dissembling,1
singularity,1
hopelessness,1
overturned,1
secondary,1
flirting,1
swallowing,1
riddle,1
forbade,1
club,1
disengagement,1
barbarously,1
hilarity,1
shorten,1
jewels,1
sourness,1
outrun,1
patronage,1
uninformed,1
instigation,1
reprehensible,1
surmised,1
fanning,1
naturedly,1
underneath,1
packages,1
amounted,1
hero,1
thickly,1
confidante,1
laudable,1
outstretched,1
ages,1
sackville,1
godby,1
ash,1
unabated,1
issue,1
sheriff,1
withholding,1
western,1
debates,1
rally,1
impassioned,1
solution,1
quicken,1
accord,1
schoolroom,1
hearth,1
1811,1
chicken,1
bowling,1
casts,1
extolling,1
monkey,1
genteelly,1
retreated,1
patroness,1
sympathising,1
streights,1
blighted,1
readers,1
misty,1
temperament,1
impartially,1
spendthrift,1
doatingly,1
rushing,1
unworthiness,1
discomposed,1
appetites,1
emma,1
wearisome,1
supposes,1
someone,1
draws,1
conscientiously,1
witty,1
blameable,1
detestably,1
coffee,1
scrutinies,1
bonnet,1
discussions,1
mortgage,1
attaining,1
persuadable,1
milkmen,1
blinding,1
rode,1
landaulette,1
processions,1
parlors,1
juvenile,1
continuation,1
scratch,1
compliant,1
encumbered,1
regiment,1
repine,1
caresses,1
reasonableness,1
supplying,1
observable,1
stevenson,1
printer,1
resuming,1
seize,1
atlantic,1
forest,1
staggering,1
stead,1
canvassed,1
muffin,1
murmur,1
homage,1
insertion,1
rumbling,1
construction,1
stared,1
bedrooms,1
shamefully,1
sensitive,1
patron,1
hairs,1
absenting,1
disagrees,1
lace,1
distrusted,1
heaviest,1
chatte,1
iv,1
peering,1
strikes,1
traded,1
36,1
galling,1
auspicious,1
lawns,1
1806,1
clothe,1
poets,1
upwards,1
heave,1
recapitulation,1
approves,1
escorted,1
disadvantages,1
authentic,1
toast,1
uninteresting,1
dooming,1
significant,1
undoubted,1
interfere,1
anticipations,1
bluster,1
unsteady,1
poorly,1
capes,1
cottagers,1
obligated,1
lightness,1
transformed,1
premature,1
violation,1
subtleties,1
curls,1
beauti,1
bag,1
convert,1
basis,1
biased,1
37,1
accents,1
confiding,1
tablecloth,1
fled,1
dislocated,1
crescent,1
outweighed,1
elasticity,1
strangest,1
faltering,1
axis,1
raven,1
cattle,1
extorting,1
caressing,1
dishonorable,1
mounted,1
immovable,1
delighful,1
projects,1
commonly,1
purchased,1
dispel,1
alertness,1
scolding,1
cork,1
tenements,1
defeating,1
growling,1
garrets,1
indistinct,1
stationer,1
sin,1
afflictions,1
nuncheon,1
foundations,1
indolent,1
49,1
commons,1
incumbrances,1
brass,1
tremble,1
executes,1
apologized,1
undivided,1
archness,1
pinching,1
consternation,1
score,1
militate,1
powerfully,1
unexhilarating,1
gardener,1
unbroken,1
pasturage,1
accompanying,1
withered,1
allusions,1
climes,1
disingenuous,1
forbearing,1
whereupon,1
minding,1
twelfth,1
weddings,1
irksome,1
exhilaration,1
unintentional,1
naming,1
worship,1
frequency,1
publicly,1
devise,1
grandfather,1
brandy,1
boxed,1
askance,1
dates,1
nought,1
suspects,1
impudently,1
presided,1
befall,1
epicurism,1
expensiveness,1
habitual,1
tradespeople,1
expedients,1
wrist,1
neatness,1
sparingly,1
dressy,1
whomsoever,1
resisting,1
instigated,1
helpmate,1
lightened,1
blamed,1
contriving,1
arranger,1
eleven,1
wherewith,1
occurring,1
hatching,1
stool,1
moiety,1
incredulity,1
pangs,1
permit,1
prodigiously,1
affronts,1
solitariness,1
tenacious,1
rates,1
glorious,1
footpath,1
sorrowing,1
unfelt,1
superficial,1
profit,1
envelope,1
representative,1
sneezed,1
stupidest,1
scenery,1
marries,1
plantation,1
auspiciously,1
horridly,1
studies,1
hussy,1
clemency,1
tawny,1
ploughs,1
proverbial,1
armed,1
dispensation,1
mountains,1
ribbon,1
proprieties,1
tittered,1
fifteenth,1
protect,1
clapped,1
reproaches,1
confessing,1
transplanted,1
swears,1
bride,1
funds,1
omission,1
decrepitude,1
speculations,1
frying,1
queens,1
shiny,1
signifies,1
booksellers,1
unsolicited,1
laughs,1
persecutions,1
demonstrations,1
bush,1
brawn,1
shudder,1
finis,1
gallons,1
shrieks,1
identify,1
uncordial,1
retarded,1
exceeded,1
steward,1
39,1
verbal,1
mornings,1
creating,1
outgrown,1
worlds,1
safer,1
treaty,1
cheer,1
necessaries,1
dusk,1
prey,1
successively,1
soured,1
determining,1
prayers,1
associating,1
unitedly,1
unite,1
pacing,1
sarcastically,1
amicable,1
louise,1
indistinctness,1
tune,1
pins,1
fatal,1
overflowing,1
cur,1
murdering,1
faintly,1
connoisseur,1
insincere,1
volunteer,1
sober,1
alienable,1
deplored,1
ejaculations,1
bawling,1
vouch,1
jesting,1
louder,1
vicinity,1
fetches,1
transporting,1
villages,1
strengthening,1
lighter,1
disinherited,1
hey,1
futurity,1
fasten,1
favourer,1
poker,1
slippery,1
star,1
steam,1
holiday,1
squeaked,1
generations,1
removes,1
implies,1
undoubtingly,1
affixed,1
sashes,1
winks,1
motherly,1
sting,1
edtions,1
1810,1
condescending,1
unreasonableness,1
existing,1
glued,1
bustles,1
merchandise,1
obtrusiveness,1
tart,1
jacket,1
vanish,1
spunging,1
disqualifications,1
gowns,1
puncture,1
thoroughfare,1
drays,1
consumed,1
sparrows,1
unreservedly,1
flown,1
idiot,1
writhing,1
rheumatisms,1
lief,1
fairer,1
unsuited,1
villainy,1
rings,1
foreplanned,1
reproving,1
1784,1
imperiously,1
beautifying,1
suddenness,1
deranged,1
darkness,1
mosquitoes,1
define,1
dispersing,1
troop,1
meritorious,1
violins,1
circumstanced,1
redeem,1
necessitous,1
intimates,1
medical,1
investigated,1
complicate,1
selves,1
complication,1
barrel,1
housekeepers,1
eyelids,1
sixteenth,1
choking,1
branched,1
westerly,1
hardily,1
moss,1
darker,1
risking,1
threats,1
opera,1
trafalgar,1
orchard,1
tranquillized,1
inquietude,1
ecstatic,1
cessation,1
foretell,1
spasm,1
acacia,1
obscure,1
indisputably,1
summers,1
cot,1
tyranny,1
roaring,1
lofty,1
widowhood,1
corresponding,1
glories,1
disagree,1
memorable,1
heath,1
comments,1
drury,1
untried,1
bribing,1
obligations,1
implicit,1
route,1
stagnation,1
foreboding,1
committed,1
quivering,1
snout,1
uglify,1
survived,1
caricature,1
resumed,1
stuffed,1
irritates,1
relatives,1
simpered,1
thankfully,1
acceptably,1
imminent,1
unsubdued,1
century,1
delusion,1
canvass,1
incalculable,1
perpetrated,1
memorandums,1
grossly,1
undo,1
tie,1
viii,1
coils,1
seasons,1
widen,1
hamlet,1
conform,1
believes,1
discrimination,1
pitched,1
demanded,1
toilet,1
clerks,1
humours,1
coarseness,1
endurable,1
wight,1
shifted,1
refutation,1
bores,1
chick,1
telescopes,1
fig,1
classics,1
cramps,1
awaken,1
termination,1
desponding,1
dawdled,1
availed,1
kinder,1
forbear,1
giggling,1
discarded,1
tricking,1
expedition,1
lamented,1
grandmamma,1
surmounting,1
barely,1
conger,1
brushing,1
lain,1
smitten,1
outweighs,1
proclaimed,1
shuddering,1
abridge,1
composition,1
haughty,1
parliaments,1
expedited,1
member,1
recomposed,1
defied,1
carrier,1
pairs,1
mournfully,1
linked,1
eluded,1
misinformed,1
nieces,1
thirds,1
effecting,1
unmoved,1
crowned,1
haggard,1
retrenchment,1
endangering,1
severed,1
perfume,1
talent,1
disgraced,1
preyed,1
1800,1
tolerated,1
merciful,1
unforgiving,1
posted,1
supplies,1
printed,1
sizes,1
righthand,1
saucepan,1
innate,1
dresses,1
banditti,1
casement,1
ringing,1
oddest,1
streamed,1
desiring,1
commended,1
intoxication,1
taxed,1
reproachfully,1
afterward,1
penitent,1
seemingly,1
islands,1
recurring,1
particularize,1
pies,1
tremulously,1
deviated,1
repossessed,1
shrieked,1
riper,1
hop,1
indignity,1
languages,1
swoon,1
sometime,1
improvident,1
infant,1
lamentation,1
breakfasting,1
glossy,1
imprisonment,1
swear,1
retrace,1
permanent,1
signal,1
engine,1
fits,1
outstripped,1
styled,1
accidently,1
external,1
valueless,1
veal,1
wrung,1
innumerable,1
profound,1
fathers,1
rationality,1
tolerate,1
ceremonious,1
felicities,1
passports,1
concealments,1
license,1
overbearing,1
lectures,1
curtain,1
frontispiece,1
bind,1
certainties,1
inventing,1
dispatch,1
replace,1
native,1
impart,1
shadow,1
finery,1
shows,1
scandalous,1
dodged,1
execute,1
flapper,1
devolved,1
enlarge,1
roads,1
bottoms,1
extort,1
adjusting,1
ornaments,1
whereas,1
unsuspected,1
ejaculation,1
unobjectionable,1
inaccessible,1
patronize,1
preach,1
boatmen,1
latin,1
warmed,1
uninfluenced,1
distractedly,1
malevolence,1
knoll,1
connoisseurship,1
trim,1
inquisitive,1
trained,1
assizes,1
sinner,1
reckon,1
flurried,1
historian,1
punished,1
kills,1
whistle,1
truthful,1
shameless,1
dismiss,1
untied,1
alleged,1
grandmothers,1
ingratiating,1
enormously,1
unabsurd,1
susceptible,1
maker,1
semblance,1
improbable,1
disabled,1
opposing,1
mixture,1
est,1
twinkled,1
bells,1
joining,1
cote,1
uniform,1
leisurely,1
stroke,1
extremest,1
spelt,1
beckoning,1
blains,1
affords,1
younker,1
equivalent,1
pierce,1
backs,1
thunderstorm,1
xii,1
impracticable,1
honeysuckles,1
independently,1
closing,1
infants,1
exactness,1
unawares,1
abatement,1
enrich,1
scrape,1
dugdale,1
acres,1
sundays,1
associates,1
reverses,1
suavity,1
dreamy,1
reeling,1
blacking,1
grieves,1
demure,1
lingered,1
tattersall,1
vacancies,1
rating,1
swinging,1
diffused,1
dissolved,1
disposes,1
prompting,1
ahem,1
growled,1
barley,1
derision,1
globe,1
decease,1
sprained,1
evince,1
controlled,1
unpleasantest,1
unamiable,1
disapproving,1
hateful,1
mainly,1
regulating,1
enclosed,1
owing,1
prevents,1
minehead,1
passer,1
offers,1
1803,1
assume,1
broodings,1
trampled,1
tops,1
wider,1
detract,1
nabobs,1
unforeseen,1
persecution,1
decrease,1
50,1
reported,1
saddened,1
gladden,1
observance,1
rubbish,1
abominable,1
bustling,1
wishers,1
retire,1
soles,1
behead,1
applauded,1
idolized,1
attacked,1
countless,1
illusion,1
constrained,1
blindly,1
fuss,1
nipped,1
expel,1
couched,1
45,1
hazarding,1
essentials,1
consoling,1
allayed,1
dependencies,1
lowest,1
unsettled,1
overwhelmed,1
pegs,1
glaring,1
northward,1
bitch,1
pull,1
successfully,1
sweetmeats,1
awhile,1
bequeathed,1
inclosing,1
courtesy,1
homes,1
cough,1
cellars,1
discoveries,1
fearfully,1
skirting,1
equalling,1
exerting,1
supportable,1
bewitched,1
shapeless,1
againsts,1
confided,1
sequestration,1
commotion,1
meantime,1
surpass,1
froid,1
benefactress,1
repining,1
provident,1
policy,1
december,1
killed,1
landholder,1
desirableness,1
overspread,1
accessions,1
smoke,1
wags,1
trusts,1
celebration,1
servilely,1
poisonous,1
folks,1
qualities,1
relators,1
multitude,1
fare,1
empty,1
ou,1
